id,first_name,last_name,email,gender,ip_address
1,Archambault,Hadden,ahadden0@ustream.tv,Male,232.33.166.251
2,Margi,Chrstine,mchrstine1@github.com,Female,208.230.78.11
3,Brannon,Elgram,belgram2@hao123.com,Bigender,22.247.110.128
4,Nerte,Leynham,nleynham3@jimdo.com,Genderfluid,23.39.99.60
5,Jamill,Cartwight,jcartwight4@canalblog.com,Male,185.45.48.101
6,Rosco,Rozec,rrozec5@flickr.com,Male,229.174.152.120
7,Neel,Pilling,npilling6@ed.gov,Male,247.245.6.84
8,Barnabe,Faulds,bfaulds7@samsung.com,Male,9.149.226.133
9,Marsh,Carrel,mcarrel8@is.gd,Male,106.218.117.6
10,Stefano,Locarno,slocarno9@mashable.com,Male,32.234.146.64
11,Yehudi,Attyeo,yattyeoa@mac.com,Male,254.135.254.75
12,Samaria,Urch,surchb@chicagotribune.com,Female,226.161.159.194
13,Hinze,Orae,horaec@timesonline.co.uk,Male,47.215.64.193
14,Parker,Eliesco,peliescod@dailymotion.com,Male,224.115.48.234
15,Kore,Caldera,kcalderae@amazon.co.uk,Female,148.162.43.108
16,Mariele,Kinze,mkinzef@psu.edu,Female,115.240.75.96
17,Shane,Chance,schanceg@ucsd.edu,Female,181.58.1.10
18,Martyn,Kisar,mkisarh@xrea.com,Male,25.160.236.182
19,Siouxie,Dyte,sdytei@reverbnation.com,Female,49.179.201.46
20,Arlan,Mingey,amingeyj@virginia.edu,Male,18.162.200.166
21,Wilden,Pannaman,wpannamank@nifty.com,Male,71.120.177.212
22,Salem,Abbets,sabbetsl@walmart.com,Male,152.56.229.252
23,Yule,Fallanche,yfallanchem@youku.com,Male,50.93.121.177
24,Mala,Gentsch,mgentschn@dropbox.com,Female,7.235.140.85
25,Osgood,Anthonies,oanthonieso@myspace.com,Male,22.118.178.113
26,Nikolai,Newborn,nnewbornp@economist.com,Male,132.101.38.73
27,Hyacinthia,Fearenside,hfearensideq@seattletimes.com,Female,241.244.226.65
28,Pace,Standfield,pstandfieldr@taobao.com,Male,30.224.244.86
29,Berna,Stripling,bstriplings@sakura.ne.jp,Female,13.212.177.159
30,Jen,Baalham,jbaalhamt@prweb.com,Female,235.122.36.34
31,Nicky,Smedley,nsmedleyu@bing.com,Male,48.26.232.74
32,Lee,Carme,lcarmev@go.com,Male,159.209.144.94
33,Milt,McClymont,mmcclymontw@newsvine.com,Male,108.244.19.194
34,Barbara,Woolger,bwoolgerx@yellowpages.com,Female,124.54.51.136
35,Ilyssa,Buttfield,ibuttfieldy@ox.ac.uk,Female,212.109.231.86
36,Lillis,Lum,llumz@netlog.com,Female,210.234.249.18
37,Jilly,Sonier,jsonier10@sogou.com,Female,40.25.214.175
38,Cherilyn,Sutherington,csutherington11@google.ru,Female,195.23.180.138
39,Bourke,Lorraway,blorraway12@loc.gov,Male,53.227.175.24
40,Margarette,Thaine,mthaine13@ucla.edu,Female,215.185.191.22
41,Xerxes,Lithcow,xlithcow14@mashable.com,Non-binary,111.67.79.153
42,Gordy,Raffon,graffon15@vimeo.com,Male,108.34.145.67
43,Constantino,Punch,cpunch16@loc.gov,Male,22.193.226.89
44,Jan,Peirone,jpeirone17@spiegel.de,Female,85.152.238.162
45,Essa,Fairbourn,efairbourn18@weebly.com,Female,249.221.15.243
46,Dolores,Curme,dcurme19@printfriendly.com,Female,44.168.118.150
47,Bobby,Horbart,bhorbart1a@hp.com,Female,155.131.104.144
48,Thom,Gorstidge,tgorstidge1b@skype.com,Male,153.3.96.249
49,Evelina,Beig,ebeig1c@wiley.com,Female,156.103.25.34
50,Yelena,Nelane,ynelane1d@hhs.gov,Female,169.255.29.155
51,Tuck,Arkell,tarkell1e@scribd.com,Male,129.51.89.93
52,Had,Endrici,hendrici1f@prweb.com,Male,177.84.4.71
53,Yorgo,Conen,yconen1g@google.nl,Male,52.51.72.177
54,Camille,Boud,cboud1h@sphinn.com,Genderfluid,12.63.68.239
55,Gardner,Cunningham,gcunningham1i@npr.org,Male,8.250.251.125
56,Chandler,Tayler,ctayler1j@ft.com,Male,223.223.90.195
57,Alexandre,Towsey,atowsey1k@csmonitor.com,Male,193.45.125.118
58,Johny,Dallaghan,jdallaghan1l@hao123.com,Male,19.152.40.63
59,Adele,Dronsfield,adronsfield1m@github.io,Female,25.31.59.19
60,Candy,Knock,cknock1n@tinypic.com,Female,21.254.71.119
61,Carmine,Robertshaw,crobertshaw1o@ibm.com,Male,166.99.227.223
62,Elyssa,Jellyman,ejellyman1p@hatena.ne.jp,Female,122.152.125.30
63,Alfons,Mitro,amitro1q@jalbum.net,Male,54.102.33.182
64,Callean,Vasyukhin,cvasyukhin1r@godaddy.com,Male,222.246.199.160
65,Barrett,Ajean,bajean1s@wired.com,Male,212.217.175.179
66,Alvira,Colville,acolville1t@slashdot.org,Female,195.167.244.105
67,Shurlocke,Tolworthy,stolworthy1u@google.es,Male,18.169.249.142
68,Mead,Laidlow,mlaidlow1v@umich.edu,Male,99.76.96.226
69,Albie,Currington,acurrington1w@businessweek.com,Male,38.20.221.19
70,Cami,Claisse,cclaisse1x@cisco.com,Female,77.223.70.226
71,Cad,Bradnam,cbradnam1y@psu.edu,Male,3.83.38.212
72,Mindy,Malam,mmalam1z@taobao.com,Female,215.84.143.19
73,Monty,Cradey,mcradey20@amazonaws.com,Male,115.3.210.120
74,Egbert,Trainor,etrainor21@biglobe.ne.jp,Male,66.87.238.122
75,Marilee,Furtado,mfurtado22@nature.com,Non-binary,55.214.156.107
76,Clerissa,Cufley,ccufley23@china.com.cn,Female,162.213.31.165
77,Maje,Gately,mgately24@ihg.com,Male,54.74.160.114
78,Cleon,Snel,csnel25@ovh.net,Male,125.0.148.164
79,Hermon,Denisard,hdenisard26@fda.gov,Male,7.111.107.11
80,Ethelbert,Buckel,ebuckel27@columbia.edu,Male,255.179.115.16
81,Delia,Niesing,dniesing28@joomla.org,Female,144.20.164.166
82,Ezequiel,Leal,eleal29@google.cn,Male,141.105.184.243
83,Cammy,de Bullion,cdebullion2a@jalbum.net,Genderfluid,110.209.239.110
84,Jaquelyn,Golborn,jgolborn2b@jiathis.com,Female,161.206.100.118
85,Drugi,Castle,dcastle2c@princeton.edu,Male,179.227.56.139
86,Ranique,Satteford,rsatteford2d@sbwire.com,Female,190.31.146.19
87,Myron,Bengough,mbengough2e@tuttocitta.it,Male,241.130.154.249
88,Maggi,Bollands,mbollands2f@washingtonpost.com,Female,21.90.29.41
89,Sheff,Mellish,smellish2g@army.mil,Male,202.215.61.122
90,Barbe,Killiner,bkilliner2h@sphinn.com,Female,143.235.89.43
91,Adam,Daubney,adaubney2i@shutterfly.com,Male,82.226.180.64
92,Kiersten,Summerlee,ksummerlee2j@homestead.com,Female,48.245.192.196
93,Alyce,Harrap,aharrap2k@baidu.com,Bigender,39.120.160.17
94,Kelbee,Greasty,kgreasty2l@bbb.org,Male,24.34.137.58
95,Clarita,Gerwood,cgerwood2m@clickbank.net,Female,120.19.220.62
96,Alisander,Mansfield,amansfield2n@fc2.com,Male,22.85.74.139
97,Marcos,Haselwood,mhaselwood2o@addthis.com,Male,252.254.172.36
98,Sholom,Filde,sfilde2p@delicious.com,Male,19.40.158.191
99,Rozelle,Cymper,rcymper2q@amazon.de,Female,172.137.236.94
100,Reuben,Brickhill,rbrickhill2r@cargocollective.com,Male,216.77.36.213
101,Enos,Mebes,emebes2s@mail.ru,Male,63.33.106.166
102,Garner,Tarbett,gtarbett2t@wsj.com,Male,210.145.170.141
103,Carolee,Castledine,ccastledine2u@bigcartel.com,Female,108.204.201.242
104,Todd,Agdahl,tagdahl2v@hostgator.com,Male,177.249.123.31
105,Mara,Heaford,mheaford2w@nbcnews.com,Female,4.147.208.123
106,Beauregard,Iacovino,biacovino2x@gnu.org,Male,255.87.230.16
107,Mathilde,Martinuzzi,mmartinuzzi2y@hibu.com,Female,173.166.250.231
108,Cinderella,Nicholes,cnicholes2z@skyrock.com,Female,135.198.99.9
109,Mattie,Puckinghorne,mpuckinghorne30@oracle.com,Male,52.110.16.111
110,Jareb,Darridon,jdarridon31@biglobe.ne.jp,Male,163.76.148.193
111,Stephenie,Prandy,sprandy32@noaa.gov,Female,197.223.249.18
112,Inessa,Quene,iquene33@senate.gov,Female,32.100.1.34
113,Galven,Oldknowe,goldknowe34@si.edu,Male,52.211.94.126
114,Adelind,Buckett,abuckett35@salon.com,Female,74.184.160.116
115,Seth,Minchell,sminchell36@sina.com.cn,Male,67.0.101.253
116,Feliza,Yven,fyven37@dropbox.com,Female,251.78.164.96
117,Caresse,O'Doohaine,codoohaine38@independent.co.uk,Female,26.18.175.60
118,Raynor,Franzini,rfranzini39@booking.com,Male,212.158.21.82
119,Isis,Parlot,iparlot3a@ox.ac.uk,Female,174.85.250.58
120,Tommy,Thon,tthon3b@tripod.com,Male,242.212.175.11
121,Keen,Samme,ksamme3c@mac.com,Male,172.113.78.9
122,Dana,Checchetelli,dchecchetelli3d@reference.com,Male,97.23.211.166
123,Waverly,Yule,wyule3e@ft.com,Male,165.150.160.197
124,Kally,Trenam,ktrenam3f@loc.gov,Female,245.237.35.3
125,Bentley,Dulton,bdulton3g@nba.com,Male,188.22.5.96
126,Elfie,Clurow,eclurow3h@meetup.com,Female,124.206.200.54
127,Carlos,Caunter,ccaunter3i@ow.ly,Male,100.166.128.31
128,Jeniece,Rainbow,jrainbow3j@craigslist.org,Female,117.130.115.56
129,Byram,Demaid,bdemaid3k@tumblr.com,Male,128.124.209.186
130,Orsola,Tremethack,otremethack3l@rambler.ru,Female,84.5.0.180
131,Mignon,Hallawell,mhallawell3m@hhs.gov,Female,247.77.234.69
132,Rickey,Mundford,rmundford3n@state.tx.us,Male,22.183.254.166
133,Ben,Tockell,btockell3o@imageshack.us,Genderfluid,100.3.163.1
134,Ozzy,Kondratyuk,okondratyuk3p@army.mil,Agender,84.128.225.183
135,Brooks,Djakovic,bdjakovic3q@qq.com,Bigender,230.233.50.152
136,Denver,Snepp,dsnepp3r@nyu.edu,Male,24.94.110.254
137,Barbee,Josuweit,bjosuweit3s@mapquest.com,Female,6.154.37.31
138,Darryl,Eastbrook,deastbrook3t@360.cn,Genderfluid,98.136.187.222
139,Marcelo,Dimitrie,mdimitrie3u@hud.gov,Male,31.115.52.37
140,Mair,Slocomb,mslocomb3v@infoseek.co.jp,Female,248.97.12.134
141,Smitty,MacKnight,smacknight3w@wiley.com,Male,160.200.139.53
142,Ashley,Adamini,aadamini3x@ehow.com,Male,160.11.88.157
143,Alvie,Boutflour,aboutflour3y@telegraph.co.uk,Male,66.4.137.1
144,Barbe,Connue,bconnue3z@microsoft.com,Female,229.228.118.149
145,Cassandre,McCullough,cmccullough40@accuweather.com,Polygender,64.63.140.66
146,Merissa,Torel,mtorel41@google.co.uk,Female,195.54.30.69
147,Burnaby,Fisk,bfisk42@unc.edu,Male,36.126.94.205
148,Beatrix,Bedinn,bbedinn43@mapquest.com,Female,78.212.224.164
149,Cyrus,Swede,cswede44@sina.com.cn,Male,217.80.245.112
150,Finn,Avieson,favieson45@cnbc.com,Male,128.113.46.60
151,Morganne,Gierck,mgierck46@alibaba.com,Female,208.47.30.98
152,Nanine,Bossom,nbossom47@npr.org,Female,26.168.248.34
153,Cornie,Scolli,cscolli48@techcrunch.com,Male,130.199.110.72
154,Linzy,Friman,lfriman49@squarespace.com,Female,245.148.140.7
155,Peirce,Leate,pleate4a@tumblr.com,Male,44.50.110.253
156,Poppy,Raffon,praffon4b@home.pl,Female,226.211.31.57
157,Gregorius,Pitceathly,gpitceathly4c@livejournal.com,Male,90.117.242.19
158,Karoline,Eirwin,keirwin4d@google.nl,Female,123.112.237.112
159,Gallard,McIlwain,gmcilwain4e@amazon.de,Male,21.9.218.239
160,Adrian,Bazell,abazell4f@berkeley.edu,Male,195.143.184.91
161,Michel,Clapham,mclapham4g@istockphoto.com,Male,219.55.104.214
162,Asa,Denzilow,adenzilow4h@hao123.com,Male,235.30.42.78
163,Kassey,Badrick,kbadrick4i@dagondesign.com,Female,23.19.192.168
164,Jedd,Hindmore,jhindmore4j@imageshack.us,Male,14.217.9.23
165,Padget,MacIntyre,pmacintyre4k@flavors.me,Male,106.28.79.200
166,Weider,Pallatina,wpallatina4l@ameblo.jp,Male,207.7.64.18
167,Neale,Physic,nphysic4m@cnbc.com,Non-binary,107.226.87.101
168,Amalea,Dradey,adradey4n@networksolutions.com,Non-binary,165.8.156.53
169,Ruthie,Coogan,rcoogan4o@aboutads.info,Female,185.170.19.173
170,Frederica,Leavens,fleavens4p@squidoo.com,Female,153.29.83.65
171,Kelcie,Spencley,kspencley4q@hatena.ne.jp,Female,170.216.97.160
172,Sim,Bracer,sbracer4r@howstuffworks.com,Male,70.67.80.133
173,Rem,Michiel,rmichiel4s@senate.gov,Male,60.98.249.210
174,Phip,Mose,pmose4t@independent.co.uk,Male,98.134.239.109
175,Rycca,Lepick,rlepick4u@artisteer.com,Female,94.89.229.171
176,Sam,Skune,sskune4v@nih.gov,Male,242.208.190.155
177,Starla,Paradine,sparadine4w@oakley.com,Female,115.128.69.228
178,Ruthy,Meddings,rmeddings4x@wiley.com,Female,33.192.182.77
179,Rosie,Cleminson,rcleminson4y@bandcamp.com,Female,57.41.126.86
180,Dugald,Pering,dpering4z@cam.ac.uk,Male,161.222.201.2
181,Winston,Cossons,wcossons50@parallels.com,Male,74.56.15.250
182,Cesare,O'Bruen,cobruen51@nydailynews.com,Male,91.176.179.104
183,Mickie,Peddersen,mpeddersen52@psu.edu,Genderqueer,60.92.185.82
184,Shem,Cassin,scassin53@t-online.de,Polygender,4.239.173.232
185,Fenelia,Burnhill,fburnhill54@princeton.edu,Female,76.199.22.150
186,Ramon,Shugg,rshugg55@dot.gov,Male,131.15.179.129
187,Barbette,Donan,bdonan56@networksolutions.com,Female,159.55.94.216
188,Shandra,Wind,swind57@java.com,Polygender,3.134.25.63
189,Pavla,Hopkyns,phopkyns58@w3.org,Female,222.244.151.204
190,Skippy,Briand,sbriand59@istockphoto.com,Male,246.10.131.165
191,Elvyn,Edington,eedington5a@google.ca,Non-binary,69.225.189.46
192,Duffie,Frigot,dfrigot5b@msu.edu,Male,209.209.99.197
193,Anne-marie,Pree,apree5c@nymag.com,Female,166.196.116.71
194,Ive,Kemp,ikemp5d@creativecommons.org,Bigender,209.84.126.174
195,Les,Leeson,lleeson5e@bigcartel.com,Male,73.164.50.184
196,Shayne,Barter,sbarter5f@shareasale.com,Male,213.162.122.138
197,Aloin,Spaule,aspaule5g@51.la,Male,122.1.228.198
198,Mariquilla,Habbijam,mhabbijam5h@goodreads.com,Female,176.175.132.128
199,Mackenzie,Studde,mstudde5i@reference.com,Male,154.140.251.66
200,Garold,Reubel,greubel5j@opensource.org,Male,20.155.145.244
201,Ralf,Le Fleming,rlefleming5k@networksolutions.com,Male,44.245.19.153
202,Lyda,Primo,lprimo5l@qq.com,Female,190.169.105.61
203,Brietta,Ilieve,bilieve5m@vk.com,Female,59.227.224.162
204,Brigg,Skull,bskull5n@cam.ac.uk,Male,40.85.56.95
205,Thatcher,Keenlyside,tkeenlyside5o@cbslocal.com,Male,254.229.46.52
206,Gualterio,Sissel,gsissel5p@ted.com,Non-binary,242.145.219.151
207,Merrel,Sighard,msighard5q@51.la,Male,126.60.208.71
208,Delly,Connerly,dconnerly5r@slate.com,Female,213.78.220.229
209,Oren,McManus,omcmanus5s@deliciousdays.com,Male,247.23.188.234
210,Deane,Winsley,dwinsley5t@seesaa.net,Female,208.180.146.137
211,Lori,Wilmott,lwilmott5u@4shared.com,Female,42.184.212.16
212,Julian,Backhurst,jbackhurst5v@microsoft.com,Male,200.156.64.99
213,Inesita,Trytsman,itrytsman5w@amazon.com,Female,2.85.149.121
214,Palmer,Sawney,psawney5x@netlog.com,Male,174.172.171.44
215,Dwain,Hadwen,dhadwen5y@cmu.edu,Male,144.200.248.111
216,Janith,Grishmanov,jgrishmanov5z@histats.com,Female,25.80.148.143
217,Tasia,Haggart,thaggart60@tinyurl.com,Female,151.39.174.55
218,Helga,Daniely,hdaniely61@cdbaby.com,Female,33.32.104.11
219,Kristin,Laurentin,klaurentin62@miitbeian.gov.cn,Female,186.225.129.9
220,Tobey,Fifoot,tfifoot63@springer.com,Female,65.26.13.186
221,Julianne,Capun,jcapun64@dmoz.org,Female,175.202.17.240
222,Chauncey,Abbey,cabbey65@ucsd.edu,Male,138.167.78.53
223,Gaultiero,Crichton,gcrichton66@wix.com,Male,121.165.171.248
224,Sonni,Sangster,ssangster67@storify.com,Female,46.78.17.163
225,Grady,Adam,gadam68@furl.net,Male,157.232.225.201
226,Hayyim,Weafer,hweafer69@wsj.com,Male,70.4.225.19
227,Mac,Manshaw,mmanshaw6a@usa.gov,Male,91.250.149.181
228,Meade,McMurray,mmcmurray6b@nps.gov,Female,172.241.227.3
229,Oralle,Seacombe,oseacombe6c@google.co.jp,Female,129.251.146.48
230,Joann,Eriksson,jeriksson6d@businessweek.com,Female,188.96.234.178
231,Si,Lugsdin,slugsdin6e@jimdo.com,Male,153.255.192.196
232,Michail,Tayt,mtayt6f@ft.com,Male,129.115.153.84
233,Corrie,MacDermid,cmacdermid6g@constantcontact.com,Male,164.223.199.58
234,Elena,Straffon,estraffon6h@utexas.edu,Female,215.189.230.136
235,Eleonora,Passey,epassey6i@ed.gov,Female,28.79.52.52
236,Myer,Katt,mkatt6j@reuters.com,Male,116.171.17.111
237,Wilt,Fink,wfink6k@etsy.com,Male,34.89.213.237
238,Phillida,Grix,pgrix6l@patch.com,Polygender,74.138.84.9
239,Saxon,Beathem,sbeathem6m@zdnet.com,Male,129.109.199.142
240,Lana,Bonnin,lbonnin6n@netvibes.com,Female,83.192.178.211
241,Jodie,Stealey,jstealey6o@github.io,Genderqueer,87.168.94.149
242,Patricio,Peterffy,ppeterffy6p@cdbaby.com,Male,172.251.15.174
243,Gabrila,Hundley,ghundley6q@bloglovin.com,Female,107.94.179.5
244,Cart,Wickmann,cwickmann6r@mac.com,Male,186.108.129.78
245,Margaretha,Meeke,mmeeke6s@desdev.cn,Female,84.82.211.255
246,Woodie,Short,wshort6t@cdc.gov,Polygender,34.31.50.63
247,Chryste,Martynov,cmartynov6u@ning.com,Female,142.74.180.146
248,Brenn,Tilney,btilney6v@mlb.com,Female,201.209.244.39
249,Aurie,Such,asuch6w@prnewswire.com,Female,240.54.187.254
250,Giusto,Twigg,gtwigg6x@sina.com.cn,Male,54.209.158.153
251,Brenda,Bonnor,bbonnor6y@bigcartel.com,Female,177.168.109.42
252,Keith,Monteaux,kmonteaux6z@wordpress.org,Male,50.106.137.172
253,Joshia,McCole,jmccole70@blogs.com,Male,86.86.69.125
254,Maren,Cool,mcool71@ning.com,Female,186.196.6.11
255,Eldon,Varfalameev,evarfalameev72@ucoz.com,Male,57.52.44.62
256,Hilary,Olwen,holwen73@over-blog.com,Male,32.38.249.157
257,Alli,Parkey,aparkey74@craigslist.org,Female,160.187.59.53
258,Jocelin,Pennells,jpennells75@plala.or.jp,Female,54.184.78.254
259,Theodore,Karolczyk,tkarolczyk76@hc360.com,Male,239.85.114.78
260,Humfrid,Hammarberg,hhammarberg77@symantec.com,Male,117.45.20.142
261,Letitia,Auchinleck,lauchinleck78@yelp.com,Female,74.2.200.60
262,Agnesse,Cayton,acayton79@google.es,Female,255.82.208.230
263,Rosco,Christin,rchristin7a@joomla.org,Male,237.95.111.143
264,Benjie,Grahamslaw,bgrahamslaw7b@linkedin.com,Male,106.197.91.105
265,Georgeanna,Artiss,gartiss7c@hp.com,Female,149.158.140.213
266,Sammy,Heaysman,sheaysman7d@cbsnews.com,Female,70.115.100.193
267,Alan,Duiged,aduiged7e@paypal.com,Male,129.253.121.241
268,Cordie,Walasik,cwalasik7f@rakuten.co.jp,Female,140.228.243.158
269,Lauree,Wankel,lwankel7g@paginegialle.it,Female,80.221.79.191
270,Rodina,Elby,relby7h@i2i.jp,Female,115.66.97.199
271,Hilda,O'Dyvoie,hodyvoie7i@amazonaws.com,Non-binary,35.144.190.40
272,Nev,Stukings,nstukings7j@pagesperso-orange.fr,Male,41.13.93.156
273,Thaddeus,Westraw,twestraw7k@1und1.de,Male,67.246.186.215
274,Rasla,Orpin,rorpin7l@kickstarter.com,Agender,211.130.252.120
275,Tera,Pepys,tpepys7m@kickstarter.com,Genderfluid,255.56.141.152
276,Greer,Vanini,gvanini7n@tripod.com,Female,36.104.18.242
277,Conney,Sweeting,csweeting7o@indiatimes.com,Male,92.4.96.8
278,Mart,Spuner,mspuner7p@narod.ru,Male,251.221.106.92
279,Lorena,Harbron,lharbron7q@moonfruit.com,Female,96.190.220.252
280,Brunhilde,Anscombe,banscombe7r@nih.gov,Female,11.114.157.48
281,Ellsworth,Sowte,esowte7s@hugedomains.com,Male,125.252.140.180
282,Shantee,Lambert-Ciorwyn,slambertciorwyn7t@last.fm,Female,45.198.228.13
283,Nicolina,Bidewell,nbidewell7u@myspace.com,Female,225.67.158.25
284,Val,Espadater,vespadater7v@ustream.tv,Male,153.14.135.173
285,Luise,Birden,lbirden7w@canalblog.com,Female,36.122.177.203
286,Dorene,Gouny,dgouny7x@usda.gov,Female,175.130.46.210
287,Adena,Stansell,astansell7y@biglobe.ne.jp,Female,75.31.57.250
288,Lewie,Ewings,lewings7z@rediff.com,Male,99.19.180.232
289,Gorden,Stenton,gstenton80@furl.net,Male,15.246.17.117
290,Guthrie,Thomazin,gthomazin81@histats.com,Male,154.117.73.245
291,Sheilakathryn,Mingo,smingo82@dion.ne.jp,Female,144.168.142.55
292,Rica,Noddles,rnoddles83@hud.gov,Female,23.13.45.53
293,Toiboid,Puddifer,tpuddifer84@toplist.cz,Male,205.191.153.45
294,Rouvin,Beves,rbeves85@reuters.com,Male,100.242.195.84
295,Cristin,Scrine,cscrine86@github.io,Female,108.62.122.196
296,Rowan,Grelik,rgrelik87@upenn.edu,Male,230.255.126.173
297,Lindon,Latehouse,llatehouse88@wikimedia.org,Male,233.120.157.30
298,Clemmie,Capelen,ccapelen89@dailymail.co.uk,Male,105.98.244.129
299,Fenelia,Prate,fprate8a@zimbio.com,Female,71.50.194.121
300,Korey,Bazelle,kbazelle8b@hud.gov,Male,126.102.119.2
301,Bambi,D'Agostino,bdagostino8c@foxnews.com,Female,19.92.179.209
302,Belicia,Cape,bcape8d@cargocollective.com,Female,97.65.155.57
303,Marlin,Gorick,mgorick8e@omniture.com,Male,155.189.15.9
304,Francklyn,Gossage,fgossage8f@gnu.org,Male,208.44.94.186
305,Pavla,Breukelman,pbreukelman8g@wiley.com,Agender,134.89.100.93
306,Kilian,Uttley,kuttley8h@salon.com,Male,107.2.2.101
307,Bartolemo,Swaden,bswaden8i@delicious.com,Male,104.196.1.72
308,Mariquilla,Darycott,mdarycott8j@quantcast.com,Female,46.149.16.236
309,Domenic,De la Yglesias,ddelayglesias8k@mysql.com,Male,85.155.9.142
310,Hanan,Kernocke,hkernocke8l@digg.com,Male,156.147.38.186
311,Haley,Poff,hpoff8m@nba.com,Female,151.206.168.143
312,Otho,Conlaund,oconlaund8n@163.com,Male,78.51.239.104
313,Isidore,De Biaggi,idebiaggi8o@mac.com,Male,160.213.41.83
314,Johny,McEvilly,jmcevilly8p@joomla.org,Male,165.249.117.233
315,Laura,Armytage,larmytage8q@123-reg.co.uk,Female,34.65.122.60
316,Carleen,Djurisic,cdjurisic8r@cnet.com,Female,114.194.53.159
317,Myrtia,Doorbar,mdoorbar8s@mapquest.com,Female,11.2.20.99
318,Lester,Victor,lvictor8t@amazon.co.uk,Male,171.86.26.175
319,Nealy,Middiff,nmiddiff8u@yale.edu,Genderqueer,92.64.29.200
320,Matt,Bate,mbate8v@psu.edu,Male,227.253.138.36
321,Alisander,Blaxill,ablaxill8w@furl.net,Polygender,186.243.89.14
322,Gianni,Ambrosoni,gambrosoni8x@cnbc.com,Male,87.42.115.139
323,Laetitia,Lloyds,llloyds8y@alibaba.com,Female,27.139.158.19
324,Rodger,Baress,rbaress8z@wsj.com,Male,138.165.170.10
325,Tonie,Paireman,tpaireman90@nsw.gov.au,Female,11.15.14.237
326,Arny,Feasby,afeasby91@mayoclinic.com,Male,248.214.144.176
327,Elga,Moughton,emoughton92@redcross.org,Female,223.6.200.1
328,Martino,Gilardoni,mgilardoni93@ucoz.com,Male,196.207.86.186
329,Bartholomeus,Gerbi,bgerbi94@digg.com,Male,203.152.235.184
330,Nissa,Treadaway,ntreadaway95@naver.com,Female,216.129.190.230
331,Estelle,Bryns,ebryns96@fema.gov,Female,94.70.126.94
332,Lin,Hiskey,lhiskey97@comcast.net,Male,255.59.164.15
333,Tallie,Dahlen,tdahlen98@jigsy.com,Male,136.194.117.202
334,Lexy,Bassett,lbassett99@goo.gl,Female,90.98.109.138
335,Kerianne,Setterthwait,ksetterthwait9a@phoca.cz,Female,75.121.245.245
336,Earlie,Penhall,epenhall9b@slate.com,Male,247.19.14.5
337,Mead,Pavier,mpavier9c@mtv.com,Male,37.54.48.148
338,Roselle,Greggs,rgreggs9d@printfriendly.com,Female,208.189.43.190
339,Raleigh,Wellings,rwellings9e@goo.gl,Male,218.106.107.137
340,Krysta,Philipart,kphilipart9f@360.cn,Female,144.129.158.148
341,Crissy,Garforth,cgarforth9g@utexas.edu,Female,97.165.125.9
342,Brooke,Breazeall,bbreazeall9h@cafepress.com,Female,149.250.248.10
343,Frasco,Simonitto,fsimonitto9i@plala.or.jp,Male,144.139.209.150
344,Jerrilee,Jewis,jjewis9j@theatlantic.com,Female,225.91.135.115
345,Chrissie,Scotchford,cscotchford9k@surveymonkey.com,Female,236.18.223.64
346,Hatty,Potkins,hpotkins9l@unblog.fr,Female,23.102.187.81
347,Thane,Breache,tbreache9m@weather.com,Male,129.216.165.240
348,Emalia,Carmo,ecarmo9n@edublogs.org,Female,180.252.213.30
349,Aili,Peasgood,apeasgood9o@toplist.cz,Female,14.203.253.3
350,North,Lauchlan,nlauchlan9p@histats.com,Male,228.166.191.213
351,Derrek,Nind,dnind9q@myspace.com,Male,35.251.41.106
352,Wilfrid,Hazeley,whazeley9r@slashdot.org,Male,169.204.133.95
353,Giacinta,Tosdevin,gtosdevin9s@mapquest.com,Female,219.155.162.12
354,Gonzales,Poskitt,gposkitt9t@nasa.gov,Genderqueer,5.184.139.1
355,Gertrude,Keningley,gkeningley9u@about.com,Female,227.117.54.79
356,Win,Brantzen,wbrantzen9v@irs.gov,Male,23.29.99.197
357,Padget,Olenchikov,polenchikov9w@amazon.de,Male,190.129.174.97
358,Conway,Raylton,craylton9x@usatoday.com,Male,207.26.142.94
359,Kissee,Pedro,kpedro9y@time.com,Female,148.18.3.59
360,Gilbert,Skerm,gskerm9z@china.com.cn,Male,211.48.197.179
361,Wilma,Jacobovitch,wjacobovitcha0@istockphoto.com,Polygender,23.127.29.16
362,Karita,Delyth,kdelytha1@pbs.org,Female,207.71.45.194
363,Tova,Foulger,tfoulgera2@youku.com,Female,230.196.224.146
364,Jacques,Somersett,jsomersetta3@engadget.com,Male,77.43.0.108
365,Melodee,Coskerry,mcoskerrya4@clickbank.net,Female,209.85.52.138
366,Lutero,Pimblett,lpimbletta5@1und1.de,Male,178.216.90.0
367,Wendi,Pendred,wpendreda6@privacy.gov.au,Female,214.10.229.39
368,Trever,Knevett,tknevetta7@liveinternet.ru,Male,94.189.188.0
369,Boone,Underhill,bunderhilla8@cpanel.net,Male,253.48.164.38
370,Gerick,Wilbud,gwilbuda9@dropbox.com,Male,160.235.92.103
371,Marj,Snowball,msnowballaa@xing.com,Female,147.47.142.176
372,Addie,Borthwick,aborthwickab@imgur.com,Agender,143.190.59.85
373,Tana,Heatlie,theatlieac@homestead.com,Female,188.148.138.32
374,Edi,Dombrell,edombrellad@hexun.com,Female,231.159.18.101
375,Abramo,Pavlov,apavlovae@ow.ly,Male,59.182.64.49
376,Iolanthe,Armatys,iarmatysaf@wiley.com,Female,60.169.182.159
377,Hazel,Stannis,hstannisag@jimdo.com,Male,238.182.110.221
378,Kirstin,Heatherington,kheatheringtonah@ocn.ne.jp,Female,53.179.151.146
379,Tod,Ewart,tewartai@php.net,Male,157.61.224.183
380,Tawsha,Luckman,tluckmanaj@miitbeian.gov.cn,Female,217.193.18.196
381,Karoly,Dengate,kdengateak@delicious.com,Male,236.115.88.75
382,Krystyna,Phittiplace,kphittiplaceal@pagesperso-orange.fr,Female,186.53.35.241
383,Johnath,Shillabeer,jshillabeeram@time.com,Female,147.171.155.39
384,Hi,Creddon,hcreddonan@canalblog.com,Male,158.128.215.113
385,Ruprecht,Bummfrey,rbummfreyao@blogspot.com,Male,87.83.207.103
386,Lin,Beavan,lbeavanap@sakura.ne.jp,Male,58.80.79.218
387,Jamie,Cordrey,jcordreyaq@answers.com,Female,52.9.96.185
388,Ardyth,Glowacki,aglowackiar@bluehost.com,Female,192.227.89.9
389,Mignonne,Kissack,mkissackas@spotify.com,Agender,134.60.11.152
390,Clerissa,Bonnell,cbonnellat@hc360.com,Female,170.153.185.0
391,Munmro,Lindfors,mlindforsau@adobe.com,Male,161.61.242.58
392,Tallulah,Thickin,tthickinav@sina.com.cn,Female,158.110.43.205
393,Romola,Bentick,rbentickaw@nytimes.com,Female,157.59.72.69
394,Stephine,Nealand,snealandax@wikipedia.org,Female,53.89.205.147
395,Winny,Sarvar,wsarvaray@hatena.ne.jp,Female,160.101.101.229
396,Abigail,Gruszka,agruszkaaz@illinois.edu,Female,50.116.117.147
397,Eugenius,Willshere,ewillshereb0@ifeng.com,Male,67.188.87.92
398,Karita,Leschelle,kleschelleb1@deviantart.com,Female,148.86.234.217
399,Teri,Killich,tkillichb2@gmpg.org,Female,109.87.85.106
400,Holden,Ference,hferenceb3@addtoany.com,Male,106.67.243.153
401,Merilee,Lowden,mlowdenb4@ycombinator.com,Female,251.243.86.188
402,Chan,Pittway,cpittwayb5@soundcloud.com,Male,56.76.148.90
403,Geoffrey,Tape,gtapeb6@indiegogo.com,Male,214.47.61.106
404,Gaultiero,Wringe,gwringeb7@hhs.gov,Male,248.2.21.247
405,Shannon,Whisson,swhissonb8@fotki.com,Female,155.112.7.18
406,Florida,Huntingford,fhuntingfordb9@washingtonpost.com,Female,193.123.118.240
407,Libby,Vasyushkhin,lvasyushkhinba@baidu.com,Non-binary,212.114.239.109
408,Wenonah,Boak,wboakbb@istockphoto.com,Female,46.25.141.68
409,Riannon,Duddin,rduddinbc@sphinn.com,Female,79.170.217.115
410,Bobbie,Wimpeney,bwimpeneybd@intel.com,Male,204.186.81.207
411,Richart,Rymmer,rrymmerbe@google.co.uk,Male,180.174.72.152
412,Carmen,Kondratowicz,ckondratowiczbf@ustream.tv,Female,133.225.227.41
413,Petr,Delhay,pdelhaybg@un.org,Male,70.74.228.158
414,Anet,Local,alocalbh@ucoz.com,Female,158.47.26.173
415,Mervin,Atack,matackbi@naver.com,Male,17.148.141.233
416,Genni,Brehat,gbrehatbj@europa.eu,Female,191.35.99.17
417,Lanae,Fivey,lfiveybk@bigcartel.com,Female,92.100.255.95
418,Kassia,Hacking,khackingbl@seattletimes.com,Female,183.254.247.118
419,Nathaniel,O'Cassidy,nocassidybm@go.com,Male,88.36.176.223
420,Edita,Renfree,erenfreebn@techcrunch.com,Genderfluid,78.80.142.22
421,Holt,Espinha,hespinhabo@zdnet.com,Male,40.233.65.253
422,Ulrick,Putten,uputtenbp@boston.com,Male,119.13.72.29
423,Berry,Haddeston,bhaddestonbq@theatlantic.com,Female,140.132.79.124
424,Kathryne,Brumpton,kbrumptonbr@ibm.com,Female,184.173.247.1
425,Bordy,Dalzell,bdalzellbs@freewebs.com,Male,252.130.211.224
426,Burton,Brailey,bbraileybt@redcross.org,Male,62.180.23.176
427,Kathe,Urey,kureybu@symantec.com,Female,36.149.164.52
428,Audra,Froschauer,afroschauerbv@ucla.edu,Non-binary,226.210.79.150
429,See,Ragbourn,sragbournbw@drupal.org,Male,86.44.3.220
430,Florence,Astbury,fastburybx@npr.org,Bigender,169.55.172.143
431,Hamlen,Lorent,hlorentby@uol.com.br,Male,34.205.131.81
432,Jonell,Kochel,jkochelbz@themeforest.net,Female,146.76.234.40
433,Philippine,Reavey,preaveyc0@guardian.co.uk,Female,44.67.203.62
434,Hyacintha,Jennings,hjenningsc1@sogou.com,Female,2.120.151.228
435,Jacklin,Lambotin,jlambotinc2@elegantthemes.com,Female,156.31.98.68
436,Mack,Beville,mbevillec3@multiply.com,Male,153.37.124.141
437,Hilliard,Jarley,hjarleyc4@jugem.jp,Male,189.217.0.119
438,Charity,Silman,csilmanc5@google.ca,Female,153.126.151.135
439,Tabbatha,Hayles,thaylesc6@reddit.com,Female,130.39.233.182
440,Jock,Server,jserverc7@cargocollective.com,Male,208.101.127.151
441,Lucho,Gorsse,lgorssec8@angelfire.com,Male,183.251.227.47
442,Nettle,Gulleford,ngullefordc9@nydailynews.com,Female,242.239.128.0
443,Ralina,Freeth,rfreethca@twitter.com,Female,233.219.64.1
444,Clemmy,Demke,cdemkecb@berkeley.edu,Polygender,254.142.20.208
445,Carlynn,Weddell,cweddellcc@prweb.com,Female,54.87.203.204
446,Dulcia,Cuff,dcuffcd@ameblo.jp,Female,179.228.77.200
447,Alister,Cristofori,acristoforice@newyorker.com,Male,219.240.59.229
448,Janessa,Olyfat,jolyfatcf@weibo.com,Female,84.222.159.4
449,Winfred,Hannond,whannondcg@unesco.org,Male,201.226.238.87
450,Ad,Gosnold,agosnoldch@fda.gov,Genderqueer,195.104.145.62
451,Alikee,Lerwill,alerwillci@who.int,Female,246.193.29.89
452,Demetra,Jewers,djewerscj@buzzfeed.com,Female,98.230.86.0
453,Alon,Nussgen,anussgenck@mashable.com,Male,65.19.98.91
454,Harlene,Deverson,hdeversoncl@mac.com,Female,200.103.154.227
455,Grete,Wigmore,gwigmorecm@army.mil,Female,14.113.14.241
456,Garey,Battrum,gbattrumcn@1und1.de,Male,134.219.230.202
457,Othilia,Tipple,otippleco@cpanel.net,Female,212.66.10.128
458,Lurline,Billanie,lbillaniecp@i2i.jp,Female,98.199.178.77
459,Brietta,McBrearty,bmcbreartycq@cbslocal.com,Female,177.93.186.87
460,Jamaal,Tabb,jtabbcr@google.ca,Male,164.171.51.186
461,Klaus,Gaskill,kgaskillcs@examiner.com,Male,30.82.67.199
462,Dareen,Feeney,dfeeneyct@sakura.ne.jp,Female,6.16.190.72
463,Harrie,Fotherby,hfotherbycu@netlog.com,Female,213.51.213.253
464,Sallie,Bengough,sbengoughcv@vistaprint.com,Bigender,118.169.48.194
465,Kylila,Tooby,ktoobycw@ed.gov,Female,182.115.8.100
466,Arleta,Alcock,aalcockcx@slate.com,Female,102.131.191.221
467,Marven,Castellanos,mcastellanoscy@cmu.edu,Male,135.225.239.139
468,Tyler,Beldam,tbeldamcz@samsung.com,Male,82.36.207.0
469,Powell,Yushin,pyushind0@arstechnica.com,Male,184.29.64.248
470,Petronilla,Pochin,ppochind1@csmonitor.com,Female,81.45.76.120
471,Theresina,Awde,tawded2@acquirethisname.com,Female,49.245.215.26
472,Theo,Hemshall,themshalld3@parallels.com,Male,58.46.230.189
473,Nancee,Woolacott,nwoolacottd4@ow.ly,Female,129.190.105.77
474,Joelynn,Davidovic,jdavidovicd5@netvibes.com,Polygender,219.181.111.98
475,Ashla,De Matteis,adematteisd6@ibm.com,Female,70.221.149.247
476,Marnie,Corrett,mcorrettd7@apple.com,Female,11.248.4.167
477,Hew,Undrill,hundrilld8@weibo.com,Non-binary,136.120.244.105
478,Cal,Tuckett,ctuckettd9@samsung.com,Male,90.116.36.178
479,Cindi,Bate,cbateda@reddit.com,Female,44.231.45.167
480,Hale,De Maria,hdemariadb@scientificamerican.com,Male,135.177.244.26
481,Pamelina,Cressey,pcresseydc@google.fr,Female,196.204.187.3
482,Oneida,Sachno,osachnodd@csmonitor.com,Female,122.0.97.17
483,Phoebe,MacWhirter,pmacwhirterde@statcounter.com,Female,167.210.23.243
484,Jacki,Spohrmann,jspohrmanndf@histats.com,Female,58.182.37.178
485,Demetrius,Hicks,dhicksdg@deviantart.com,Male,125.114.160.124
486,Brigham,Rominov,brominovdh@china.com.cn,Male,174.97.204.203
487,Kliment,Bassford,kbassforddi@digg.com,Male,69.31.10.189
488,Anna,Colchett,acolchettdj@imgur.com,Female,139.130.227.1
489,Lucita,Entwistle,lentwistledk@sogou.com,Female,246.116.240.254
490,Pavlov,Philippon,pphilippondl@indiatimes.com,Male,46.183.189.174
491,Kelsey,Drever,kdreverdm@marriott.com,Male,87.67.216.47
492,Modesta,Crow,mcrowdn@list-manage.com,Female,185.207.2.147
493,Jyoti,Trevino,jtrevinodo@google.co.uk,Genderfluid,65.58.226.111
494,Richie,Timby,rtimbydp@ucla.edu,Agender,111.155.176.25
495,Eugine,Alvarado,ealvaradodq@hhs.gov,Female,68.90.231.145
496,Guinna,Bramont,gbramontdr@un.org,Female,57.59.8.51
497,Mae,McElvine,mmcelvineds@xinhuanet.com,Female,247.136.222.128
498,Gaven,Grigsby,ggrigsbydt@sfgate.com,Male,224.252.181.83
499,Kippy,Steddall,ksteddalldu@adobe.com,Female,21.15.255.0
500,Etty,Hyne,ehynedv@admin.ch,Female,22.217.170.179
501,Jeremie,Gooden,jgoodendw@wix.com,Male,129.84.11.98
502,Isak,Reiglar,ireiglardx@hibu.com,Male,131.158.88.141
503,Cobb,Yakolev,cyakolevdy@netvibes.com,Male,34.137.71.149
504,Dacey,Flintiff,dflintiffdz@psu.edu,Female,13.1.164.46
505,Alisander,Dorn,adorne0@dyndns.org,Male,5.42.96.59
506,Beckie,Bell,bbelle1@java.com,Female,124.238.112.227
507,Chane,Sparry,csparrye2@zdnet.com,Male,200.133.173.34
508,Archaimbaud,McBayne,amcbaynee3@icq.com,Male,0.193.210.44
509,Bennett,Aleveque,balevequee4@gov.uk,Male,66.100.145.242
510,Ebeneser,Noriega,enoriegae5@uol.com.br,Male,35.77.207.129
511,Cornie,Angeli,cangelie6@yahoo.com,Female,117.11.23.184
512,Stephi,Pickless,spicklesse7@fda.gov,Female,118.201.139.25
513,Trev,Kupka,tkupkae8@sciencedirect.com,Male,24.199.196.3
514,Alasteir,Fenelon,afenelone9@nymag.com,Male,121.33.176.242
515,Anton,Dauney,adauneyea@ow.ly,Male,74.29.165.218
516,Kari,Vickors,kvickorseb@mashable.com,Female,93.214.13.179
517,Laura,Beaver,lbeaverec@indiegogo.com,Female,166.47.39.224
518,Granville,Rudram,grudramed@yolasite.com,Male,249.39.21.44
519,Jaquenette,MacLeese,jmacleeseee@nature.com,Female,139.80.157.254
520,Von,Wych,vwychef@hexun.com,Male,132.122.124.35
521,Mureil,Mattke,mmattkeeg@csmonitor.com,Female,198.145.138.230
522,Joyce,Gerlts,jgerltseh@nsw.gov.au,Female,137.173.250.175
523,Pryce,Carrick,pcarrickei@dailymotion.com,Male,171.72.98.113
524,Roley,Painswick,rpainswickej@apple.com,Male,53.232.119.206
525,Lorrayne,Lawry,llawryek@cnn.com,Female,221.165.140.164
526,Griz,Strainge,gstraingeel@ow.ly,Male,134.164.203.177
527,Fabiano,Looker,flookerem@narod.ru,Non-binary,145.143.210.89
528,Benedetta,Mergue,bmergueen@bing.com,Female,149.237.123.225
529,Frederick,Fashion,ffashioneo@desdev.cn,Male,24.206.27.10
530,Leon,Windaybank,lwindaybankep@lulu.com,Polygender,210.0.180.127
531,Elwira,Maylard,emaylardeq@cpanel.net,Female,150.218.205.29
532,Ranice,Solon,rsoloner@webmd.com,Female,127.107.247.76
533,Yank,Ovid,yovides@altervista.org,Male,150.206.144.186
534,Gale,Amner,gamneret@smugmug.com,Female,15.115.10.11
535,Tannie,Kincade,tkincadeeu@dell.com,Male,235.45.121.100
536,Amelie,Mealing,amealingev@google.com,Female,188.247.198.48
537,Everard,Spiby,espibyew@photobucket.com,Male,249.210.96.91
538,Krishna,Carlesso,kcarlessoex@ihg.com,Bigender,238.111.141.4
539,Paddie,Walczak,pwalczakey@surveymonkey.com,Male,183.25.243.196
540,Nicola,Gedney,ngedneyez@jalbum.net,Male,249.83.65.157
541,Tremaine,Peskett,tpeskettf0@businessweek.com,Male,157.104.99.80
542,Tara,Bysaker,tbysakerf1@sitemeter.com,Female,109.82.35.16
543,Kipp,Rimour,krimourf2@ycombinator.com,Female,8.205.10.167
544,Adrianna,Gascoine,agascoinef3@fc2.com,Female,254.79.250.255
545,Cleon,Pettinger,cpettingerf4@gravatar.com,Male,66.174.68.228
546,Dion,McCathy,dmccathyf5@usgs.gov,Male,113.177.249.165
547,Rivi,Paolotto,rpaolottof6@bloomberg.com,Polygender,105.225.55.248
548,Lea,Cork,lcorkf7@narod.ru,Female,117.111.230.82
549,Cole,Paradin,cparadinf8@mit.edu,Male,15.92.235.225
550,Leonie,Alpes,lalpesf9@dmoz.org,Female,241.231.66.129
551,Joella,Quigg,jquiggfa@imdb.com,Female,59.85.159.64
552,Shena,Dionis,sdionisfb@vistaprint.com,Female,83.105.108.23
553,Ignacius,Higgonet,ihiggonetfc@msn.com,Male,136.134.91.208
554,Forester,Antao,fantaofd@unicef.org,Male,202.37.112.78
555,Leigha,Cartmael,lcartmaelfe@seesaa.net,Female,10.247.138.131
556,Loren,Kitchinghan,lkitchinghanff@newyorker.com,Female,103.205.235.12
557,Royal,Tipens,rtipensfg@delicious.com,Male,95.50.48.130
558,Noelyn,Gianetti,ngianettifh@ovh.net,Female,17.233.153.103
559,Thacher,Earngy,tearngyfi@nih.gov,Male,20.172.240.26
560,Raphael,O'Mullaney,romullaneyfj@microsoft.com,Male,108.183.202.118
561,Guilbert,Kimmings,gkimmingsfk@unblog.fr,Polygender,16.213.23.6
562,Adrian,Foulis,afoulisfl@washington.edu,Male,24.176.174.185
563,Malissia,Casone,mcasonefm@de.vu,Female,17.70.75.92
564,Claude,Pallent,cpallentfn@nbcnews.com,Female,21.133.191.201
565,Alexio,Linthead,alintheadfo@ebay.com,Male,32.86.139.135
566,Freeman,Crimpe,fcrimpefp@washington.edu,Male,104.140.226.237
567,Kienan,Tamblyn,ktamblynfq@vinaora.com,Male,179.87.37.223
568,Marie-jeanne,Boote,mbootefr@squidoo.com,Female,142.70.255.147
569,Gracie,Osbiston,gosbistonfs@dell.com,Female,208.79.202.134
570,Lamond,Stanesby,lstanesbyft@businessweek.com,Male,171.202.100.23
571,Enrico,Landman,elandmanfu@ed.gov,Male,123.240.48.202
572,Reilly,Crim,rcrimfv@sourceforge.net,Male,188.71.202.234
573,Tye,De Domenicis,tdedomenicisfw@unblog.fr,Male,23.162.213.127
574,Kore,Yarrell,kyarrellfx@ning.com,Female,231.97.209.156
575,Sella,Aloigi,saloigify@harvard.edu,Female,51.35.9.123
576,Zelda,Van Salzberger,zvansalzbergerfz@blogs.com,Female,204.224.252.214
577,Peria,Prester,ppresterg0@addthis.com,Female,98.105.53.190
578,Wilek,Thaim,wthaimg1@nymag.com,Male,219.161.199.225
579,Terri,Drever,tdreverg2@cdbaby.com,Male,251.172.129.105
580,Keene,Warrack,kwarrackg3@narod.ru,Male,175.116.46.60
581,Shae,Burgin,sburging4@buzzfeed.com,Male,219.169.0.181
582,Hanna,Dey,hdeyg5@reddit.com,Female,62.230.78.167
583,Britteny,Blamire,bblamireg6@reuters.com,Female,160.190.218.63
584,Selinda,Hawksby,shawksbyg7@deliciousdays.com,Polygender,84.64.154.54
585,Abrahan,Mundle,amundleg8@umich.edu,Male,0.63.235.186
586,Ronny,Rounsefull,rrounsefullg9@live.com,Male,82.69.31.240
587,Jozef,Carmel,jcarmelga@symantec.com,Male,180.87.218.97
588,Ario,Cheyenne,acheyennegb@liveinternet.ru,Male,236.53.52.158
589,Aviva,Schohier,aschohiergc@bing.com,Female,200.111.230.249
590,Pincas,Load,ploadgd@gmpg.org,Male,106.172.203.89
591,Prudy,Brock,pbrockge@census.gov,Female,2.112.72.70
592,Jess,Murford,jmurfordgf@vkontakte.ru,Bigender,233.212.135.73
593,Chris,Riccardi,criccardigg@discovery.com,Female,189.172.250.198
594,Lind,Springford,lspringfordgh@quantcast.com,Male,152.182.211.43
595,Liliane,Stranieri,lstranierigi@baidu.com,Female,239.50.102.99
596,Anatol,Dawley,adawleygj@github.com,Genderqueer,184.9.25.146
597,Jaquelyn,Tootin,jtootingk@ted.com,Female,203.218.41.50
598,Evelyn,Ridler,eridlergl@youtube.com,Female,3.160.79.170
599,Feodor,Salla,fsallagm@meetup.com,Male,108.75.43.165
600,Adelice,Bell,abellgn@51.la,Female,65.173.156.119
601,Eleen,Waple,ewaplego@who.int,Female,213.183.176.180
602,Jillie,Woodsford,jwoodsfordgp@vinaora.com,Female,51.82.246.20
603,Abie,Fearns,afearnsgq@sciencedirect.com,Male,121.251.115.237
604,Symon,Thresher,sthreshergr@washingtonpost.com,Male,222.89.131.138
605,Dora,Middlemass,dmiddlemassgs@canalblog.com,Female,133.16.126.166
606,Zenia,King,zkinggt@liveinternet.ru,Female,89.43.72.16
607,Merla,Behnecken,mbehneckengu@shop-pro.jp,Female,42.247.224.11
608,Conney,MacCleay,cmaccleaygv@weibo.com,Male,227.219.77.162
609,Aloisia,Sheals,ashealsgw@shinystat.com,Female,199.225.181.62
610,Jarad,Eborn,jeborngx@liveinternet.ru,Agender,165.254.134.175
611,Val,Surfleet,vsurfleetgy@is.gd,Male,219.247.132.104
612,Madella,Lutman,mlutmangz@creativecommons.org,Female,184.207.155.81
613,Hervey,L'Episcopio,hlepiscopioh0@craigslist.org,Male,6.3.176.164
614,Rutger,Boulde,rbouldeh1@infoseek.co.jp,Male,156.210.211.151
615,Magnum,O'Fallowne,mofallowneh2@dropbox.com,Male,248.192.132.85
616,Nils,Adriaan,nadriaanh3@ameblo.jp,Male,118.88.240.40
617,Greggory,Feast,gfeasth4@uiuc.edu,Male,9.163.148.19
618,Alberik,Deards,adeardsh5@lycos.com,Male,79.72.57.131
619,Jameson,Reville,jrevilleh6@technorati.com,Male,231.4.2.221
620,Alberik,Dicty,adictyh7@fda.gov,Male,105.144.245.58
621,Hendrik,Antley,hantleyh8@oakley.com,Male,210.115.140.68
622,Sorcha,Bevington,sbevingtonh9@accuweather.com,Female,86.111.182.150
623,Doreen,Lawfull,dlawfullha@vistaprint.com,Female,181.184.203.92
624,Nikolos,Hasnip,nhasniphb@ezinearticles.com,Male,50.10.172.167
625,Torey,Andre,tandrehc@gnu.org,Male,48.127.129.163
626,Andre,Varfalameev,avarfalameevhd@usgs.gov,Male,10.29.77.213
627,Leticia,Goldfinch,lgoldfinchhe@yandex.ru,Female,76.215.96.91
628,Wilie,Sibbert,wsibberthf@sohu.com,Female,155.162.97.244
629,Lance,McQuirk,lmcquirkhg@amazonaws.com,Male,252.30.43.209
630,Loretta,Hargreves,lhargreveshh@topsy.com,Female,154.176.193.127
631,Jere,Terron,jterronhi@businessinsider.com,Non-binary,207.123.191.73
632,Vonni,McGeever,vmcgeeverhj@mail.ru,Female,55.61.70.199
633,Juliet,Edwin,jedwinhk@vimeo.com,Female,96.196.244.93
634,Sinclair,Bassam,sbassamhl@photobucket.com,Male,116.135.169.202
635,Cordell,Angrove,cangrovehm@clickbank.net,Male,69.35.162.159
636,Michelina,Cowdry,mcowdryhn@unblog.fr,Female,191.109.127.49
637,Emily,Perin,eperinho@example.com,Female,100.162.57.197
638,Bank,Kardos,bkardoshp@squarespace.com,Male,86.169.160.68
639,Gordan,Dils,gdilshq@istockphoto.com,Male,2.54.252.169
640,Kelbee,Bielefeld,kbielefeldhr@bing.com,Male,83.162.142.253
641,Amberly,Gracewood,agracewoodhs@biglobe.ne.jp,Female,220.26.67.85
642,Harris,Yakob,hyakobht@trellian.com,Male,53.17.221.221
643,Julina,Hawkslee,jhawksleehu@mysql.com,Female,75.117.53.136
644,Horton,Mattusov,hmattusovhv@google.com,Male,105.87.201.252
645,Theadora,McNuff,tmcnuffhw@digg.com,Female,79.26.99.92
646,Willi,Ubsdell,wubsdellhx@cbslocal.com,Female,202.125.83.34
647,Kiele,Moon,kmoonhy@ow.ly,Female,102.179.70.146
648,Horacio,Anshell,hanshellhz@rambler.ru,Male,125.190.97.110
649,Ernaline,Purshouse,epurshousei0@weather.com,Female,196.9.170.248
650,Gertrudis,Lamerton,glamertoni1@paypal.com,Female,40.131.140.138
651,Cassaundra,Stenyng,cstenyngi2@upenn.edu,Female,165.245.146.38
652,Blanca,Kelemen,bkelemeni3@npr.org,Female,200.183.6.131
653,Rich,Knapton,rknaptoni4@about.com,Male,242.43.146.198
654,Kiel,McGray,kmcgrayi5@cbsnews.com,Male,3.34.245.79
655,Werner,Deverille,wdeverillei6@fastcompany.com,Genderfluid,169.0.223.182
656,Aluino,Pods,apodsi7@com.com,Male,172.18.134.103
657,Baily,Beattie,bbeattiei8@godaddy.com,Male,224.115.240.63
658,Dicky,Haill,dhailli9@smugmug.com,Male,206.152.212.144
659,Jamil,Newitt,jnewittia@friendfeed.com,Male,213.146.67.236
660,Vachel,Danilchev,vdanilchevib@vinaora.com,Male,83.245.27.98
661,Stanfield,Linfield,slinfieldic@sina.com.cn,Genderqueer,4.49.6.187
662,Sashenka,Straughan,sstraughanid@slashdot.org,Female,248.163.186.34
663,Kevon,Bass,kbassie@sphinn.com,Male,154.54.201.247
664,Martin,Sowter,msowterif@blogger.com,Male,95.183.170.98
665,Evvy,Ambroziak,eambroziakig@icio.us,Female,174.85.215.151
666,Anton,O'Noland,aonolandih@homestead.com,Male,26.249.108.100
667,Florette,MacFaell,fmacfaellii@marriott.com,Female,44.255.77.74
668,Alicia,Ridolfo,aridolfoij@oakley.com,Female,112.138.71.158
669,Gaylord,Espadater,gespadaterik@auda.org.au,Bigender,182.21.56.245
670,Maisey,Buney,mbuneyil@paginegialle.it,Female,57.246.9.169
671,Clementia,Estick,cestickim@hubpages.com,Female,90.151.180.182
672,Brose,Batchelar,bbatchelarin@eepurl.com,Male,83.204.19.239
673,Fletch,Shave,fshaveio@washington.edu,Bigender,164.242.156.240
674,Rubi,Reina,rreinaip@wikipedia.org,Female,65.17.134.144
675,Baryram,Simonel,bsimoneliq@lulu.com,Agender,238.153.147.149
676,Bria,Skingley,bskingleyir@posterous.com,Female,128.8.52.9
677,Son,Cheeke,scheekeis@howstuffworks.com,Male,1.78.136.57
678,Kylie,Liggins,kligginsit@facebook.com,Male,246.181.226.14
679,Tymon,Cicerone,tciceroneiu@exblog.jp,Male,100.94.30.125
680,Titos,Braam,tbraamiv@themeforest.net,Male,88.166.31.62
681,Fredric,Urling,furlingiw@dot.gov,Male,105.127.85.198
682,Rowena,Lille,rlilleix@unblog.fr,Female,34.230.170.4
683,Moria,Blance,mblanceiy@craigslist.org,Female,226.85.203.116
684,Aimee,Moret,amoretiz@state.tx.us,Female,142.119.233.205
685,Reade,Mussard,rmussardj0@php.net,Male,19.102.50.95
686,Ingeberg,Veitch,iveitchj1@twitter.com,Female,20.22.79.184
687,Abeu,Dally,adallyj2@google.es,Male,191.20.230.228
688,Arch,Antonietti,aantoniettij3@hhs.gov,Male,96.199.42.150
689,Cynthie,Vel,cvelj4@illinois.edu,Female,114.99.209.125
690,Alwyn,Lapre,alaprej5@ucoz.ru,Male,90.59.228.192
691,Cissiee,Brome,cbromej6@pagesperso-orange.fr,Female,185.85.210.60
692,Edi,Klimowski,eklimowskij7@example.com,Female,115.2.128.188
693,Jefferey,Winfindine,jwinfindinej8@goo.gl,Male,255.199.31.134
694,Patsy,Tulleth,ptullethj9@amazon.com,Female,236.95.192.190
695,Bendix,Hugenin,bhugeninja@blog.com,Male,107.95.102.240
696,Hetty,Bakewell,hbakewelljb@cam.ac.uk,Female,26.216.8.250
697,Randene,Hargie,rhargiejc@umn.edu,Female,171.253.231.102
698,Hedi,Ackeroyd,hackeroydjd@ehow.com,Female,114.214.19.58
699,Ella,Colbertson,ecolbertsonje@wix.com,Genderfluid,242.139.142.162
700,Sigismund,Moy,smoyjf@blogger.com,Male,177.248.192.58
701,Zabrina,Jeaycock,zjeaycockjg@wp.com,Female,71.105.244.98
702,Wells,Reinbech,wreinbechjh@so-net.ne.jp,Male,232.92.107.72
703,Tersina,Christer,tchristerji@merriam-webster.com,Female,165.4.200.101
704,Wesley,Aspinall,waspinalljj@symantec.com,Male,155.151.70.211
705,Rodina,O'Crotty,rocrottyjk@google.com,Female,158.50.85.136
706,Rhona,Perrat,rperratjl@weebly.com,Female,71.219.112.236
707,Yorgo,Healings,yhealingsjm@nsw.gov.au,Male,23.163.178.158
708,Burty,Theuss,btheussjn@foxnews.com,Male,178.202.118.241
709,Miner,Dybell,mdybelljo@php.net,Male,190.227.19.142
710,Elyse,Baldery,ebalderyjp@economist.com,Female,194.73.20.28
711,Viva,Branchflower,vbranchflowerjq@about.com,Female,242.139.155.48
712,Cristen,Seneschal,cseneschaljr@go.com,Female,154.188.58.62
713,Grady,Snap,gsnapjs@google.co.jp,Male,139.236.25.244
714,Rodolfo,Fletham,rflethamjt@sbwire.com,Male,57.229.250.74
715,Maggi,Ozelton,mozeltonju@google.co.jp,Female,163.189.26.241
716,Raeann,Leppingwell,rleppingwelljv@wix.com,Female,145.161.91.192
717,Hadleigh,Culpan,hculpanjw@trellian.com,Male,90.21.134.7
718,Franky,Parkins,fparkinsjx@ustream.tv,Male,248.251.211.108
719,Griswold,Sherwood,gsherwoodjy@wikispaces.com,Male,112.254.118.150
720,Clementia,Arrigucci,carriguccijz@artisteer.com,Female,190.143.144.249
721,Amelia,Atger,aatgerk0@studiopress.com,Female,213.146.235.6
722,Andie,Fullom,afullomk1@bigcartel.com,Male,131.235.135.58
723,Brynna,Connelly,bconnellyk2@bloglovin.com,Female,136.145.167.197
724,Aluino,Houlridge,ahoulridgek3@skyrock.com,Male,131.181.147.77
725,Ethel,Pointing,epointingk4@xing.com,Female,206.251.93.186
726,Gert,MacKonochie,gmackonochiek5@instagram.com,Female,216.123.165.5
727,Bevan,Curgenuer,bcurgenuerk6@bizjournals.com,Male,60.233.20.154
728,Cord,Ogdahl,cogdahlk7@jugem.jp,Male,89.47.100.241
729,Harriott,Turmell,hturmellk8@cafepress.com,Female,15.111.98.26
730,Clerc,Cabel,ccabelk9@sohu.com,Male,199.28.108.203
731,Elva,Graalman,egraalmanka@yellowpages.com,Female,221.168.170.5
732,Jessie,Jaye,jjayekb@cnbc.com,Female,150.25.150.12
733,Elliot,Pancast,epancastkc@walmart.com,Male,117.204.51.72
734,Nicolas,le Keux,nlekeuxkd@imgur.com,Male,248.190.62.220
735,Giffer,Baldin,gbaldinke@unicef.org,Male,188.41.32.236
736,Alanson,Eliassen,aeliassenkf@vistaprint.com,Male,101.193.246.23
737,Ursa,Pochet,upochetkg@ucoz.ru,Female,77.57.94.209
738,Brittni,Streeten,bstreetenkh@oracle.com,Bigender,209.92.221.64
739,Leigh,Marsters,lmarsterski@dailymail.co.uk,Polygender,228.37.10.247
740,Aubert,Danko,adankokj@ifeng.com,Male,249.78.124.245
741,Alexandre,Hryniewicz,ahryniewiczkk@usgs.gov,Agender,131.175.101.75
742,Margarethe,O'Carrol,mocarrolkl@nyu.edu,Female,245.253.170.49
743,Orelee,Mattschas,omattschaskm@hexun.com,Female,44.89.67.89
744,Malachi,Greated,mgreatedkn@people.com.cn,Bigender,111.222.79.29
745,Yancey,Derks,yderksko@fotki.com,Male,110.49.23.243
746,Joli,Carruthers,jcarrutherskp@shop-pro.jp,Female,135.136.171.32
747,Margie,Summerson,msummersonkq@accuweather.com,Female,101.9.106.106
748,Park,Brumwell,pbrumwellkr@geocities.jp,Male,210.65.93.90
749,Elisa,Lackie,elackieks@angelfire.com,Female,53.51.58.96
750,Garek,Walby,gwalbykt@nifty.com,Male,90.30.200.161
751,Hadria,Kalberer,hkalbererku@comcast.net,Female,193.57.12.115
752,Jandy,Dollard,jdollardkv@time.com,Female,216.217.71.14
753,Nollie,Kaasman,nkaasmankw@npr.org,Male,30.91.74.46
754,Catha,Claussen,cclaussenkx@com.com,Female,163.39.130.201
755,Ruby,Lissimore,rlissimoreky@is.gd,Female,129.254.23.44
756,Cleveland,Yarrow,cyarrowkz@dropbox.com,Male,0.235.244.208
757,Juliane,Grundle,jgrundlel0@google.com.hk,Female,221.159.18.93
758,Samara,Littleton,slittletonl1@newsvine.com,Non-binary,95.114.158.226
759,Fenelia,Brandle,fbrandlel2@comcast.net,Female,161.86.169.125
760,Patricio,Stollenhof,pstollenhofl3@census.gov,Male,227.247.172.64
761,Emilio,Goodie,egoodiel4@goo.ne.jp,Male,163.150.215.150
762,Neysa,Madsen,nmadsenl5@bizjournals.com,Female,148.245.214.25
763,Kirby,Porch,kporchl6@ezinearticles.com,Male,114.24.115.112
764,Zaria,Howling,zhowlingl7@t.co,Female,135.178.53.74
765,Baird,Rubinowicz,brubinowiczl8@blogspot.com,Male,254.211.132.150
766,Phillie,Kenna,pkennal9@joomla.org,Female,99.73.31.194
767,Darby,Sercombe,dsercombela@omniture.com,Male,204.6.231.86
768,Salaidh,Dionis,sdionislb@dion.ne.jp,Female,33.114.71.1
769,Gratia,Totterdill,gtotterdilllc@dmoz.org,Female,0.101.200.59
770,Beverlee,Birtwisle,bbirtwisleld@tumblr.com,Female,251.171.175.103
771,Khalil,Nesby,knesbyle@fema.gov,Male,106.168.46.120
772,Neely,Cornewall,ncornewalllf@cisco.com,Female,243.24.193.27
773,Muffin,Lovejoy,mlovejoylg@nature.com,Male,107.218.254.29
774,Christean,McMonies,cmcmonieslh@businesswire.com,Female,54.87.220.25
775,Halie,Wynn,hwynnli@xrea.com,Female,71.231.197.98
776,Inge,Agerskow,iagerskowlj@lycos.com,Female,103.147.31.248
777,Amabel,Ivanikhin,aivanikhinlk@pen.io,Female,41.54.113.251
778,Iago,Curthoys,icurthoysll@macromedia.com,Male,132.154.42.66
779,Clementine,Runham,crunhamlm@moonfruit.com,Female,21.254.106.185
780,Danni,Standring,dstandringln@google.pl,Female,68.12.228.216
781,Fonsie,Shutte,fshuttelo@geocities.jp,Male,187.137.159.207
782,Arnie,Rotte,arottelp@who.int,Male,224.248.159.236
783,Clyve,Di Gregorio,cdigregoriolq@examiner.com,Male,69.54.213.63
784,Joey,Jeckell,jjeckelllr@utexas.edu,Female,23.142.4.5
785,Lyssa,McMenemy,lmcmenemyls@webnode.com,Female,5.23.124.158
786,Chrysa,Marflitt,cmarflittlt@nasa.gov,Female,172.177.90.80
787,Leese,Syfax,lsyfaxlu@reddit.com,Female,25.2.171.70
788,Ky,Maeer,kmaeerlv@columbia.edu,Male,139.85.90.17
789,Helenelizabeth,Buckthought,hbuckthoughtlw@rambler.ru,Female,106.24.183.84
790,Jon,Hacaud,jhacaudlx@time.com,Male,219.23.220.153
791,Tarrah,Forth,tforthly@vk.com,Female,29.0.217.192
792,Marcello,Pope,mpopelz@blogspot.com,Genderfluid,36.148.64.31
793,Eugenia,Langworthy,elangworthym0@instagram.com,Female,143.243.254.173
794,Blinni,Synnot,bsynnotm1@home.pl,Female,11.224.22.121
795,Elmer,Sidebotham,esidebothamm2@cdc.gov,Male,230.137.46.202
796,Laney,BoHlingolsen,lbohlingolsenm3@ifeng.com,Male,37.44.9.159
797,Artair,Limpenny,alimpennym4@i2i.jp,Non-binary,202.73.128.244
798,Ase,Beacham,abeachamm5@miibeian.gov.cn,Male,5.112.110.19
799,Giuditta,Maslin,gmaslinm6@ask.com,Genderqueer,36.15.199.81
800,Sterling,Balling,sballingm7@salon.com,Male,110.168.3.68
801,Dasie,Addy,daddym8@yahoo.com,Female,152.22.235.213
802,Bar,Cossins,bcossinsm9@china.com.cn,Male,14.169.250.217
803,Kali,Soda,ksodama@google.com.hk,Female,98.115.247.12
804,Caresa,Estable,cestablemb@ask.com,Female,237.167.78.137
805,Freedman,Aberkirdo,faberkirdomc@youtube.com,Male,69.178.161.110
806,Rivalee,Peddel,rpeddelmd@zdnet.com,Female,108.43.160.23
807,Merrili,Scambler,mscamblerme@ehow.com,Female,254.166.184.119
808,Maighdiln,Bluck,mbluckmf@devhub.com,Female,178.24.160.236
809,Vivyan,Crimmins,vcrimminsmg@ning.com,Female,201.47.151.222
810,Danya,Padilla,dpadillamh@xing.com,Male,46.56.221.137
811,Elnora,Nolleth,enollethmi@mapquest.com,Female,117.52.61.245
812,Harriett,Piddlehinton,hpiddlehintonmj@dedecms.com,Female,21.179.87.50
813,Tamma,Gedge,tgedgemk@moonfruit.com,Female,108.13.148.163
814,Claretta,Raddon,craddonml@desdev.cn,Female,138.25.116.109
815,Teddi,Nelles,tnellesmm@naver.com,Female,84.233.237.93
816,Hazel,Crates,hcratesmn@cafepress.com,Genderqueer,76.191.107.239
817,Eb,Walkling,ewalklingmo@facebook.com,Male,188.183.16.18
818,Helaine,Bizley,hbizleymp@amazon.com,Female,242.212.5.209
819,Bartram,Handrick,bhandrickmq@shareasale.com,Male,121.137.105.28
820,Nathalia,Glenton,nglentonmr@yahoo.com,Female,63.53.139.169
821,Rex,Denyagin,rdenyaginms@statcounter.com,Male,207.214.241.60
822,Andriana,Klain,aklainmt@unicef.org,Female,1.235.85.226
823,Jeannie,Geibel,jgeibelmu@google.com,Female,215.179.122.74
824,Malchy,Hamill,mhamillmv@reddit.com,Male,41.106.78.199
825,Palmer,Shouler,pshoulermw@virginia.edu,Male,218.204.33.144
826,Lionello,Alcoran,lalcoranmx@deliciousdays.com,Male,212.78.20.226
827,Josey,Woodbridge,jwoodbridgemy@samsung.com,Female,115.37.65.49
828,Torrence,Gazzard,tgazzardmz@hud.gov,Male,114.163.185.173
829,Holly,Clapison,hclapisonn0@prweb.com,Male,23.85.239.188
830,Goddard,Paolinelli,gpaolinellin1@taobao.com,Male,187.136.245.194
831,Tarrance,Attfield,tattfieldn2@arstechnica.com,Male,133.39.120.198
832,Nelson,Crathern,ncrathernn3@senate.gov,Male,113.198.81.194
833,Dominique,Goodlake,dgoodlaken4@about.com,Male,212.96.200.90
834,Nickolas,Donaher,ndonahern5@nydailynews.com,Male,236.226.142.199
835,Ruben,Pittway,rpittwayn6@umich.edu,Genderfluid,140.211.138.18
836,Waylon,Smails,wsmailsn7@microsoft.com,Male,137.212.181.142
837,Rutter,Cheshir,rcheshirn8@globo.com,Male,214.86.120.46
838,Ilyse,Semper,isempern9@google.com.br,Female,18.61.96.214
839,Jenica,Stolli,jstollina@timesonline.co.uk,Female,171.40.125.211
840,Lorant,Strahan,lstrahannb@hp.com,Male,180.185.91.13
841,Gaye,Scorer,gscorernc@yahoo.com,Female,105.184.92.91
842,Hazlett,Borthwick,hborthwicknd@nsw.gov.au,Male,196.46.213.247
843,Penrod,Donnison,pdonnisonne@baidu.com,Male,244.124.253.129
844,Tailor,Mogg,tmoggnf@ebay.com,Male,98.201.30.246
845,Jayme,Greguol,jgreguolng@netvibes.com,Female,225.236.165.140
846,Pen,Winspeare,pwinspearenh@pagesperso-orange.fr,Female,108.182.119.159
847,Flory,Lettice,fletticeni@paypal.com,Female,72.75.162.19
848,Paulie,Haysey,phayseynj@altervista.org,Male,78.48.170.14
849,Gisela,Midlar,gmidlarnk@ow.ly,Female,150.9.203.143
850,Reuven,Mangenet,rmangenetnl@google.fr,Male,237.18.79.84
851,Llewellyn,Leehane,lleehanenm@qq.com,Male,24.1.180.219
852,Marve,Foulger,mfoulgernn@t-online.de,Male,176.230.192.209
853,Antonia,Nann,anannno@walmart.com,Female,84.20.56.201
854,Silvie,Clinton,sclintonnp@xrea.com,Female,63.15.122.248
855,Auroora,Scown,ascownnq@ebay.com,Female,83.173.79.59
856,Kerry,Frayn,kfraynnr@goodreads.com,Male,138.250.57.224
857,Christalle,Skippings,cskippingsns@skyrock.com,Agender,149.151.114.217
858,Rozele,Deeman,rdeemannt@studiopress.com,Female,35.170.3.97
859,Afton,Twittey,atwitteynu@youtube.com,Female,193.165.79.242
860,Abraham,Tuckerman,atuckermannv@twitpic.com,Male,56.37.213.91
861,Sorcha,Oatley,soatleynw@java.com,Female,150.114.212.59
862,Dale,Stailey,dstaileynx@gizmodo.com,Female,75.71.112.193
863,Konrad,Kirley,kkirleyny@chicagotribune.com,Male,41.170.225.209
864,Adena,Rumble,arumblenz@1688.com,Female,20.166.226.78
865,Byrann,Gadney,bgadneyo0@timesonline.co.uk,Male,47.16.177.230
866,Welsh,De Caville,wdecavilleo1@independent.co.uk,Male,58.55.228.219
867,Seward,Whittlesey,swhittleseyo2@deliciousdays.com,Male,29.118.166.59
868,Debi,Beardsley,dbeardsleyo3@examiner.com,Female,22.215.109.211
869,Ignacius,Bachelor,ibacheloro4@auda.org.au,Male,103.73.33.213
870,Adeline,Cowcha,acowchao5@hibu.com,Female,124.235.189.248
871,Tammy,Trevillion,ttrevilliono6@goodreads.com,Female,251.77.174.201
872,Eolande,McGonigal,emcgonigalo7@1688.com,Female,242.140.0.127
873,Rosalia,Overton,rovertono8@tripadvisor.com,Female,0.102.77.185
874,De,Le Ball,dleballo9@microsoft.com,Female,41.48.182.155
875,Ingaberg,Worman,iwormanoa@ox.ac.uk,Female,240.46.222.252
876,Waylon,Donkersley,wdonkersleyob@cmu.edu,Male,98.106.43.185
877,Dyanne,Costin,dcostinoc@harvard.edu,Female,109.75.231.232
878,Jayson,Atwater,jatwaterod@barnesandnoble.com,Male,40.92.208.75
879,Tilly,Ainge,taingeoe@prnewswire.com,Female,70.65.98.122
880,Tremayne,Bowcock,tbowcockof@narod.ru,Male,199.179.207.167
881,Koral,Dizlie,kdizlieog@opensource.org,Female,118.76.172.100
882,Goldi,Klimecki,gklimeckioh@symantec.com,Female,29.179.58.54
883,Donalt,Lesmonde,dlesmondeoi@nyu.edu,Male,71.87.177.138
884,Isak,Vooght,ivooghtoj@nature.com,Male,35.14.20.188
885,Whitaker,Winspire,wwinspireok@wordpress.org,Male,214.22.242.203
886,Eward,Kimmel,ekimmelol@posterous.com,Male,11.49.150.62
887,Adel,Boundey,aboundeyom@newyorker.com,Female,42.210.255.60
888,Traver,Kirvell,tkirvellon@ed.gov,Male,18.32.68.68
889,Corrina,Tweddell,ctweddelloo@odnoklassniki.ru,Female,64.23.140.18
890,Danica,Grint,dgrintop@redcross.org,Female,166.150.77.185
891,Laurie,Markos,lmarkosoq@g.co,Male,102.136.78.211
892,Mano,Leaney,mleaneyor@1und1.de,Male,118.163.107.239
893,Joane,O' Hogan,johoganos@nhs.uk,Female,65.252.95.65
894,Laney,Hemphall,lhemphallot@sogou.com,Female,95.138.90.91
895,Lindsey,Shepard,lshepardou@cdbaby.com,Male,215.76.195.169
896,Reggis,Hollingby,rhollingbyov@163.com,Male,89.198.47.89
897,Bennie,Kopfer,bkopferow@pbs.org,Male,221.191.141.51
898,Celestyna,Girodias,cgirodiasox@webeden.co.uk,Female,229.51.233.139
899,Agnesse,Palmer,apalmeroy@usda.gov,Female,177.65.76.75
900,Amos,Carine,acarineoz@phoca.cz,Male,83.204.191.29
901,Linoel,Bowkett,lbowkettp0@studiopress.com,Male,76.28.51.92
902,Jacquenetta,Gore,jgorep1@yellowbook.com,Polygender,66.246.174.35
903,Maureen,Sully,msullyp2@ft.com,Bigender,110.40.237.154
904,Beverie,Hauxwell,bhauxwellp3@auda.org.au,Female,71.10.8.94
905,Zed,Epinoy,zepinoyp4@yolasite.com,Male,213.83.42.155
906,Rebe,Pawlyn,rpawlynp5@fda.gov,Female,217.134.185.228
907,Blinnie,Ismirnioglou,bismirniogloup6@yellowbook.com,Female,153.51.202.172
908,Horatio,Ducarne,hducarnep7@salon.com,Male,53.101.37.156
909,Tabitha,Gillice,tgillicep8@msu.edu,Female,112.174.145.213
910,Dana,Snailham,dsnailhamp9@kickstarter.com,Male,55.148.163.84
911,Addy,Domenico,adomenicopa@chronoengine.com,Female,128.59.229.39
912,Mareah,Brockhouse,mbrockhousepb@netlog.com,Female,103.201.174.52
913,Chris,Gateley,cgateleypc@wp.com,Polygender,12.115.137.224
914,Smitty,Ortelt,sorteltpd@nps.gov,Male,84.131.139.172
915,Ilysa,Brogioni,ibrogionipe@oracle.com,Genderfluid,117.238.203.168
916,Calida,Slainey,cslaineypf@storify.com,Female,194.221.242.209
917,Madelene,Dimmer,mdimmerpg@cnbc.com,Female,239.80.192.155
918,Marie-jeanne,Harber,mharberph@nymag.com,Female,148.147.104.193
919,Paten,Farre,pfarrepi@google.co.jp,Male,47.61.1.156
920,Carrissa,Trammel,ctrammelpj@tuttocitta.it,Female,193.96.218.63
921,Tandie,Bolsover,tbolsoverpk@eventbrite.com,Female,60.10.182.247
922,Ara,Polycote,apolycotepl@tinyurl.com,Male,197.117.126.217
923,Myrah,Lavall,mlavallpm@pinterest.com,Female,121.139.45.206
924,Dudley,Bute,dbutepn@infoseek.co.jp,Male,219.67.175.19
925,Nyssa,De Benedetti,ndebenedettipo@bizjournals.com,Agender,10.150.108.121
926,Eldon,Habercham,ehaberchampp@nsw.gov.au,Male,161.246.4.129
927,Margery,Paulucci,mpauluccipq@arstechnica.com,Female,222.210.236.144
928,Nerissa,Michael,nmichaelpr@blinklist.com,Female,151.203.41.132
929,Lee,Tremblay,ltremblayps@eventbrite.com,Female,182.111.31.106
930,Constantino,Lowrance,clowrancept@slate.com,Male,118.81.44.151
931,Elke,Shephard,eshephardpu@ovh.net,Female,212.123.84.213
932,Nessie,Willmot,nwillmotpv@oracle.com,Female,111.18.97.65
933,Dewey,Redier,dredierpw@hatena.ne.jp,Male,26.230.105.233
934,Garvey,Paton,gpatonpx@weebly.com,Male,127.129.133.94
935,Marji,Duchart,mduchartpy@princeton.edu,Female,35.85.197.149
936,Zollie,Pavlovsky,zpavlovskypz@shop-pro.jp,Male,76.161.74.235
937,Madison,Gibbieson,mgibbiesonq0@tinyurl.com,Male,247.38.239.33
938,Steward,Craine,scraineq1@moonfruit.com,Male,183.8.234.192
939,Jaine,Aldrich,jaldrichq2@utexas.edu,Female,115.142.131.213
940,Kristos,Flewitt,kflewittq3@geocities.com,Male,130.85.100.32
941,Lorinda,Oldcroft,loldcroftq4@scribd.com,Female,212.206.192.113
942,Angelica,Heardman,aheardmanq5@msn.com,Non-binary,135.184.34.188
943,Kingsley,Southernwood,ksouthernwoodq6@dropbox.com,Male,137.184.1.63
944,Chrissie,Gargett,cgargettq7@wordpress.com,Female,181.115.14.211
945,Amelie,Maybey,amaybeyq8@dagondesign.com,Female,148.23.58.230
946,Falkner,Scholte,fscholteq9@tinyurl.com,Agender,176.251.32.55
947,Katharina,Boulsher,kboulsherqa@washington.edu,Female,82.144.81.65
948,Gordy,Gwinnell,ggwinnellqb@mozilla.com,Male,151.246.132.84
949,Lorelei,Bertelmot,lbertelmotqc@wix.com,Female,8.4.186.247
950,Blondy,Kezar,bkezarqd@weather.com,Female,177.70.74.152
951,Emmet,Briereton,ebrieretonqe@soundcloud.com,Male,11.150.16.121
952,Stephanus,Guillond,sguillondqf@ovh.net,Male,219.14.186.69
953,Gui,Weatherburn,gweatherburnqg@canalblog.com,Female,128.132.104.95
954,Bryna,Aspray,basprayqh@wikispaces.com,Female,43.215.170.174
955,Lance,Whetnell,lwhetnellqi@nydailynews.com,Male,224.48.129.185
956,Jaquenetta,Dunne,jdunneqj@princeton.edu,Female,119.154.80.32
957,Lucille,Tiltman,ltiltmanqk@nyu.edu,Female,156.94.85.157
958,Forrester,Dufton,fduftonql@narod.ru,Male,252.233.107.121
959,Pavel,Woolis,pwoolisqm@si.edu,Male,14.106.121.207
960,Andi,Greenard,agreenardqn@google.cn,Female,234.93.174.255
961,Gus,Philipard,gphilipardqo@theglobeandmail.com,Female,127.96.189.223
962,Nikaniki,Churchley,nchurchleyqp@hc360.com,Female,7.131.125.95
963,Jacquie,Chestney,jchestneyqq@sfgate.com,Female,80.251.162.80
964,Carney,Tellett,ctellettqr@barnesandnoble.com,Male,98.118.6.4
965,Clemens,Abarough,cabaroughqs@topsy.com,Male,113.214.82.125
966,Sasha,Venney,svenneyqt@state.gov,Male,102.22.1.118
967,Wye,Daid,wdaidqu@unc.edu,Male,131.169.61.216
968,Bancroft,Ullyatt,bullyattqv@army.mil,Male,47.237.132.124
969,Lydia,Musk,lmuskqw@comsenz.com,Agender,130.145.61.71
970,Faber,Paule,fpauleqx@livejournal.com,Male,31.10.246.133
971,Kacey,Allabarton,kallabartonqy@hugedomains.com,Female,117.122.2.213
972,Shanie,Tapner,stapnerqz@infoseek.co.jp,Female,184.236.239.255
973,Erinna,Farres,efarresr0@cnet.com,Female,123.155.104.44
974,Del,Drabble,ddrabbler1@stumbleupon.com,Male,84.44.173.10
975,Chaunce,Meriot,cmeriotr2@e-recht24.de,Male,110.223.69.205
976,Jens,Brownsell,jbrownsellr3@google.it,Male,56.253.33.181
977,Graham,Pennetta,gpennettar4@jugem.jp,Male,243.75.101.12
978,Rodolphe,Ballefant,rballefantr5@dion.ne.jp,Male,133.23.15.242
979,Stefano,Goodboddy,sgoodboddyr6@goo.ne.jp,Male,21.57.42.180
980,Julieta,Schorah,jschorahr7@miibeian.gov.cn,Female,188.138.40.89
981,Maxim,Selway,mselwayr8@mapy.cz,Male,128.207.255.212
982,Zsazsa,Barrowcliff,zbarrowcliffr9@people.com.cn,Agender,249.21.205.219
983,Dalis,Gierck,dgierckra@ucoz.ru,Male,35.95.82.160
984,Genevra,Khomishin,gkhomishinrb@yolasite.com,Female,110.247.72.42
985,Guillemette,Duffett,gduffettrc@skype.com,Female,194.116.204.44
986,Analiese,Mallia,amalliard@ezinearticles.com,Female,15.6.188.166
987,Obed,Gavey,ogaveyre@vimeo.com,Male,178.46.123.152
988,Laverna,Jeandot,ljeandotrf@geocities.com,Female,16.225.17.20
989,Joseph,O'Mohun,jomohunrg@ovh.net,Male,240.143.121.38
990,Robyn,Pennicard,rpennicardrh@ucoz.com,Female,182.51.100.55
991,Regina,Ambrogelli,rambrogelliri@about.me,Female,204.26.22.160
992,Fraze,Westmorland,fwestmorlandrj@shareasale.com,Genderfluid,163.12.207.208
993,Adeline,Crombleholme,acrombleholmerk@biblegateway.com,Agender,209.48.215.186
994,Ruthy,Winson,rwinsonrl@histats.com,Female,217.133.63.38
995,Bibby,Coucher,bcoucherrm@last.fm,Female,150.51.167.189
996,Randell,Capineer,rcapineerrn@cbc.ca,Male,127.4.248.42
997,Kerrill,Gergus,kgergusro@edublogs.org,Female,8.142.55.76
998,Alasteir,Bright,abrightrp@acquirethisname.com,Male,227.246.45.81
999,Vivie,Lanaway,vlanawayrq@independent.co.uk,Female,147.105.111.222
1000,Haily,Morphey,hmorpheyrr@gov.uk,Female,94.223.49.89
