id,first_name,last_name,email,gender,ip_address
1,Killy,Cricket,kcricket0@creativecommons.org,Male,122.69.249.247
2,Marvin,Hamshaw,mhamshaw1@who.int,Male,150.87.183.83
3,Lois,Kadar,lkadar2@illinois.edu,Female,38.116.56.28
4,Myles,Plaid,mplaid3@netscape.com,Male,254.203.10.220
5,Gearard,Wippermann,gwippermann4@is.gd,Male,47.104.201.29
6,Tybalt,Ivanikov,tivanikov5@oracle.com,Male,109.106.161.103
7,Gustave,Sign,gsign6@51.la,Male,192.82.25.33
8,Isadore,Macguire,imacguire7@elpais.com,Male,211.21.62.226
9,Eliot,Pirt,epirt8@live.com,Male,236.29.161.97
10,Nady,Petlyura,npetlyura9@hatena.ne.jp,Female,255.190.191.215
11,Janella,Fernant,jfernanta@merriam-webster.com,Non-binary,39.213.208.219
12,Katinka,Di Matteo,kdimatteob@nytimes.com,Female,217.225.126.171
13,Uri,Blaschek,ublaschekc@plala.or.jp,Male,126.167.48.61
14,Chanda,De Minico,cdeminicod@qq.com,Female,184.89.117.67
15,Zechariah,Fairweather,zfairweathere@unblog.fr,Polygender,18.173.5.55
16,Federica,Kornalik,fkornalikf@blogger.com,Female,69.141.68.141
17,Pace,Elesander,pelesanderg@dagondesign.com,Male,202.4.125.64
18,Niko,Oleshunin,noleshuninh@mit.edu,Male,164.27.120.29
19,Thorny,Tungate,ttungatei@prweb.com,Male,98.216.171.2
20,Guillermo,Pammenter,gpammenterj@smh.com.au,Male,151.136.243.75
21,Demetre,Raxworthy,draxworthyk@amazon.de,Male,128.81.166.211
22,Renell,Eisenberg,reisenbergl@upenn.edu,Female,12.207.4.232
23,Jdavie,Goodall,jgoodallm@ask.com,Male,133.123.151.237
24,Kakalina,Goricke,kgoricken@ow.ly,Female,56.43.82.235
25,Ninon,Sanchis,nsanchiso@goo.ne.jp,Female,115.181.228.71
26,Erroll,MacGillivray,emacgillivrayp@xinhuanet.com,Male,196.123.206.36
27,Dante,Bruins,dbruinsq@privacy.gov.au,Male,98.188.209.127
28,Jobina,Madill,jmadillr@gov.uk,Female,86.25.127.228
29,Monique,Broune,mbrounes@howstuffworks.com,Female,212.39.210.232
30,Gerome,Millthorpe,gmillthorpet@paginegialle.it,Male,196.104.62.184
31,Sherill,Woolway,swoolwayu@weebly.com,Female,243.104.26.125
32,Chico,Hendriks,chendriksv@delicious.com,Male,155.131.13.234
33,Gothart,Simak,gsimakw@wikimedia.org,Genderfluid,222.39.239.227
34,Rutger,Kisting,rkistingx@hao123.com,Male,221.247.44.8
35,Lewie,Heibel,lheibely@ycombinator.com,Male,133.254.6.26
36,Barron,Whenman,bwhenmanz@timesonline.co.uk,Male,240.28.15.126
37,Leigha,McAlees,lmcalees10@issuu.com,Female,245.203.42.165
38,Inga,Millichap,imillichap11@wsj.com,Female,246.190.42.57
39,Meara,Ciric,mciric12@mac.com,Female,221.109.32.129
40,Curry,Matley,cmatley13@seattletimes.com,Male,254.52.144.27
41,Gunner,Bauldrey,gbauldrey14@joomla.org,Male,64.192.225.188
42,Gris,Longmead,glongmead15@japanpost.jp,Male,169.139.80.119
43,Elbertina,Sweetland,esweetland16@imdb.com,Female,173.19.79.149
44,Aidan,Boarleyson,aboarleyson17@wikia.com,Female,43.6.80.162
45,Bearnard,Durant,bdurant18@paginegialle.it,Male,155.96.201.223
46,Rikki,Hefford,rhefford19@ucoz.ru,Male,207.34.45.150
47,Trixie,Hourstan,thourstan1a@jiathis.com,Female,5.101.225.217
48,Fidel,Prest,fprest1b@accuweather.com,Male,3.60.164.215
49,Lorettalorna,Povele,lpovele1c@epa.gov,Female,1.53.254.170
50,Murvyn,Cronshaw,mcronshaw1d@xing.com,Non-binary,161.143.150.180
51,Maddi,Inchbald,minchbald1e@skyrock.com,Female,52.111.17.50
52,Adolpho,Georgeot,ageorgeot1f@prweb.com,Male,188.223.194.174
53,Morgun,Donke,mdonke1g@paginegialle.it,Male,67.156.169.57
54,Dasha,Minerdo,dminerdo1h@yelp.com,Polygender,85.68.26.142
55,Donetta,Jayme,djayme1i@nytimes.com,Female,154.232.117.127
56,Gunar,Setchfield,gsetchfield1j@goodreads.com,Male,72.65.125.235
57,Virgie,Szymanski,vszymanski1k@vimeo.com,Genderfluid,113.134.6.119
58,Trefor,Bream,tbream1l@weather.com,Male,29.71.108.209
59,Hewet,Ambrosoli,hambrosoli1m@tripod.com,Male,209.178.50.95
60,Ivy,Diamant,idiamant1n@prweb.com,Female,35.180.254.255
61,Alistair,Hullock,ahullock1o@github.io,Male,12.148.69.162
62,Lilian,Skrzynski,lskrzynski1p@webnode.com,Female,197.64.81.71
63,Elbertine,Amery,eamery1q@storify.com,Female,125.114.125.250
64,Demetri,Jorgesen,djorgesen1r@senate.gov,Male,113.212.90.85
65,Eadith,Dykes,edykes1s@indiegogo.com,Female,177.153.42.226
66,Ali,Tomaschke,atomaschke1t@discovery.com,Female,228.216.121.129
67,Caspar,Palke,cpalke1u@google.fr,Male,131.200.183.70
68,Brew,Krauze,bkrauze1v@tamu.edu,Male,134.106.195.103
69,Albertina,Zimmerman,azimmerman1w@blinklist.com,Female,85.131.77.17
70,Tabatha,Outhwaite,touthwaite1x@usgs.gov,Female,46.69.81.249
71,Launce,Szymaniak,lszymaniak1y@jiathis.com,Male,117.113.210.178
72,Mickey,Bezzant,mbezzant1z@google.com.hk,Male,192.199.117.80
73,Rory,Snowdon,rsnowdon20@angelfire.com,Female,210.77.18.126
74,Abrahan,Burness,aburness21@npr.org,Male,202.47.130.96
75,Deloris,DeSousa,ddesousa22@qq.com,Female,69.241.236.53
76,Win,Aitken,waitken23@nsw.gov.au,Male,91.86.65.86
77,Rossie,Creelman,rcreelman24@amazonaws.com,Male,185.177.224.202
78,Sherwood,Rannie,srannie25@house.gov,Male,14.86.155.251
79,Coleman,Beckenham,cbeckenham26@xrea.com,Male,253.102.15.176
80,Hedy,Mallabone,hmallabone27@gizmodo.com,Agender,152.206.78.230
81,Marielle,Wade,mwade28@acquirethisname.com,Female,21.139.196.17
82,Tonya,Pryer,tpryer29@liveinternet.ru,Female,218.13.143.171
83,Trumann,Stillmann,tstillmann2a@pbs.org,Male,191.181.97.87
84,Zondra,Seagood,zseagood2b@biblegateway.com,Female,65.137.216.144
85,Byram,Kemme,bkemme2c@virginia.edu,Genderfluid,31.169.84.2
86,Lotti,Wilkison,lwilkison2d@goo.gl,Female,39.154.165.234
87,Corney,Tattoo,ctattoo2e@hp.com,Male,157.9.3.253
88,Blinni,Wadly,bwadly2f@issuu.com,Non-binary,250.59.21.84
89,Rolph,Ritson,rritson2g@lulu.com,Male,176.161.25.166
90,Siegfried,Simkiss,ssimkiss2h@barnesandnoble.com,Male,187.27.234.207
91,Walsh,Fewless,wfewless2i@businessweek.com,Genderfluid,67.5.79.210
92,Giraud,Pasmore,gpasmore2j@tumblr.com,Male,100.60.159.42
93,Kitti,Greenly,kgreenly2k@github.io,Female,70.33.204.15
94,Ginger,Verrier,gverrier2l@slate.com,Female,76.111.134.219
95,Alecia,Pascow,apascow2m@shareasale.com,Female,177.249.101.175
96,Virgie,Bardwall,vbardwall2n@time.com,Male,101.138.164.113
97,Dana,Waterstone,dwaterstone2o@cpanel.net,Male,115.70.55.167
98,Ophelia,Caustick,ocaustick2p@360.cn,Female,178.77.33.233
99,Morganica,Barrs,mbarrs2q@posterous.com,Female,59.16.136.168
100,Margareta,Targetter,mtargetter2r@pbs.org,Female,21.248.174.160
101,Iggie,Bauldrey,ibauldrey2s@cbsnews.com,Non-binary,240.174.139.119
102,Cullen,Weavers,cweavers2t@github.com,Male,105.200.12.223
103,Tabb,Kahane,tkahane2u@studiopress.com,Male,226.253.165.1
104,Garry,Terbeck,gterbeck2v@wikispaces.com,Male,61.80.19.7
105,Vite,McFfaden,vmcffaden2w@cargocollective.com,Male,231.121.126.23
106,Zachery,Tilbrook,ztilbrook2x@blogs.com,Male,207.168.40.244
107,Beatrisa,Lepoidevin,blepoidevin2y@springer.com,Female,4.190.5.116
108,Dorey,Aisman,daisman2z@washingtonpost.com,Male,33.170.170.84
109,Kati,Birkenshaw,kbirkenshaw30@google.com.hk,Female,210.96.168.11
110,Bab,Clotworthy,bclotworthy31@github.com,Female,126.97.80.145
111,Jamil,Pietersma,jpietersma32@tumblr.com,Male,105.137.200.28
112,Karolina,Pedrollo,kpedrollo33@discuz.net,Female,8.52.52.184
113,Theodoric,Ghirardi,tghirardi34@twitpic.com,Male,241.102.81.136
114,Donnamarie,Jandourek,djandourek35@telegraph.co.uk,Agender,211.1.200.182
115,Emile,Ducroe,educroe36@t-online.de,Male,99.180.137.101
116,Lanie,Pardey,lpardey37@unesco.org,Male,113.181.127.239
117,Will,Matchett,wmatchett38@nba.com,Male,125.245.239.31
118,Berkly,Morena,bmorena39@360.cn,Male,196.65.69.43
119,Vinny,Lettuce,vlettuce3a@sitemeter.com,Female,78.0.0.148
120,Joletta,Pendrich,jpendrich3b@wisc.edu,Female,79.237.108.39
121,Jimmie,Ilyuchyov,jilyuchyov3c@meetup.com,Agender,228.186.193.221
122,Rickard,Hamlin,rhamlin3d@va.gov,Male,72.134.150.152
123,Lorne,Paulson,lpaulson3e@thetimes.co.uk,Male,82.253.247.248
124,Judas,Basili,jbasili3f@exblog.jp,Male,93.78.98.146
125,Tim,Devin,tdevin3g@cnbc.com,Female,54.87.107.255
126,Germaine,Roots,groots3h@biblegateway.com,Male,227.160.226.225
127,Kamillah,Jefferies,kjefferies3i@aboutads.info,Female,116.29.163.109
128,Claudian,Duff,cduff3j@stumbleupon.com,Male,43.182.37.162
129,Dorice,Springle,dspringle3k@washingtonpost.com,Female,79.21.106.231
130,Olwen,Stobbe,ostobbe3l@ft.com,Female,233.41.135.113
131,Giorgio,Melmar,gmelmar3m@imageshack.us,Male,165.36.109.238
132,Amalita,Boutell,aboutell3n@slate.com,Female,16.166.80.144
133,Hayyim,Vasic,hvasic3o@ycombinator.com,Male,229.178.55.232
134,Franny,Towner,ftowner3p@weibo.com,Male,199.235.79.54
135,Griz,Renfield,grenfield3q@nymag.com,Male,149.225.188.206
136,Daisi,Pere,dpere3r@tripod.com,Female,94.41.180.221
137,Mirella,Pendrid,mpendrid3s@illinois.edu,Female,9.49.37.161
138,Valentin,Carlens,vcarlens3t@webs.com,Genderqueer,76.241.9.105
139,Florida,Ivoshin,fivoshin3u@godaddy.com,Female,162.65.155.254
140,Aurore,Augustin,aaugustin3v@telegraph.co.uk,Female,155.33.174.83
141,Gwenette,Adriaan,gadriaan3w@blogs.com,Female,250.120.9.40
142,Brady,Villar,bvillar3x@cnet.com,Male,190.200.168.9
143,Jason,Echalie,jechalie3y@kickstarter.com,Male,85.102.51.144
144,Lorettalorna,Brittoner,lbrittoner3z@1688.com,Polygender,157.171.143.108
145,Milly,Bicknell,mbicknell40@ft.com,Female,122.191.253.175
146,Arty,Hamnett,ahamnett41@spotify.com,Male,48.79.226.239
147,Phedra,Cohani,pcohani42@istockphoto.com,Female,227.65.49.73
148,Cherlyn,Winslett,cwinslett43@globo.com,Female,228.56.205.81
149,Bobbie,Skittrell,bskittrell44@globo.com,Polygender,143.72.177.250
150,Janenna,Baty,jbaty45@irs.gov,Genderfluid,143.245.6.26
151,Carol,Conelly,cconelly46@dot.gov,Female,230.107.92.81
152,Micheal,Lincey,mlincey47@mysql.com,Genderqueer,118.120.249.60
153,Marquita,Chessil,mchessil48@icio.us,Female,45.12.27.180
154,Johanna,Tosspell,jtosspell49@meetup.com,Female,110.38.30.197
155,Saunders,Evershed,severshed4a@dedecms.com,Male,118.143.226.64
156,Sunny,Willmett,swillmett4b@cyberchimps.com,Male,188.253.132.89
157,Inessa,Kiera,ikiera4c@opensource.org,Female,148.110.179.9
158,Garwood,Croce,gcroce4d@cisco.com,Male,12.13.196.214
159,Freddie,Couzens,fcouzens4e@domainmarket.com,Non-binary,80.252.144.47
160,Myranda,McKeggie,mmckeggie4f@blogs.com,Female,111.76.188.77
161,Leroy,Emmert,lemmert4g@prweb.com,Male,4.222.210.22
162,Ericka,Jennens,ejennens4h@webnode.com,Female,129.8.163.151
163,Antonia,McBean,amcbean4i@google.cn,Female,240.219.33.233
164,Bessy,Soars,bsoars4j@washington.edu,Female,226.192.230.252
165,Georgina,Baptist,gbaptist4k@paginegialle.it,Female,31.138.230.207
166,Janifer,Rendall,jrendall4l@senate.gov,Female,157.181.122.51
167,Ethe,Cusack,ecusack4m@umn.edu,Male,67.135.126.60
168,Alyss,Henri,ahenri4n@marketwatch.com,Female,77.141.108.30
169,Hurlee,Badger,hbadger4o@businessweek.com,Male,178.152.213.168
170,Ewart,Cameron,ecameron4p@nifty.com,Male,150.48.199.48
171,Dalt,Martelet,dmartelet4q@bing.com,Male,101.0.53.36
172,Ardis,Cabral,acabral4r@pinterest.com,Female,186.65.182.73
173,Cathee,Bosche,cbosche4s@china.com.cn,Female,142.50.27.136
174,Drugi,Withinshaw,dwithinshaw4t@wiley.com,Male,98.180.208.217
175,Editha,Warhurst,ewarhurst4u@163.com,Female,243.58.206.59
176,Maible,Speechly,mspeechly4v@dagondesign.com,Female,161.125.79.203
177,Edlin,St. Queintain,estqueintain4w@phpbb.com,Male,113.159.242.70
178,Nani,Gartrell,ngartrell4x@digg.com,Female,7.74.163.110
179,Gill,Bernardo,gbernardo4y@blog.com,Female,54.158.83.228
180,Burnaby,Rawood,brawood4z@howstuffworks.com,Male,85.103.200.103
181,Travus,Golightly,tgolightly50@example.com,Genderfluid,177.126.183.206
182,Oliy,Withnall,owithnall51@miitbeian.gov.cn,Female,92.186.112.71
183,Winfield,Woodley,wwoodley52@ask.com,Non-binary,87.57.2.88
184,Bethany,Dalrymple,bdalrymple53@geocities.com,Polygender,137.145.32.42
185,Agustin,Kowalski,akowalski54@zdnet.com,Male,73.30.169.123
186,Cristina,McVane,cmcvane55@tiny.cc,Female,247.12.226.32
187,Carina,Verrall,cverrall56@illinois.edu,Female,172.112.213.5
188,Nolly,Houlworth,nhoulworth57@dot.gov,Male,16.67.22.75
189,Lainey,Wilkerson,lwilkerson58@goo.ne.jp,Female,121.117.25.21
190,Becki,Arnoud,barnoud59@google.com.br,Genderqueer,136.8.238.4
191,Wilmar,Bhar,wbhar5a@eepurl.com,Bigender,20.69.156.101
192,Ferdinande,Habbijam,fhabbijam5b@indiatimes.com,Female,164.9.56.103
193,Maggee,Fleming,mfleming5c@sakura.ne.jp,Non-binary,237.75.242.85
194,Fields,Tayspell,ftayspell5d@imdb.com,Male,2.185.22.24
195,Selena,Ambrozewicz,sambrozewicz5e@ask.com,Female,198.8.251.67
196,Sterling,Snarr,ssnarr5f@guardian.co.uk,Male,101.42.192.217
197,Mathilde,Ibell,mibell5g@statcounter.com,Bigender,71.211.139.202
198,Isadore,McNamee,imcnamee5h@yelp.com,Male,75.188.185.120
199,Meade,Fills,mfills5i@google.es,Genderqueer,255.87.42.88
200,Aleksandr,McGraffin,amcgraffin5j@thetimes.co.uk,Male,147.108.110.181
201,Ban,Hazeldine,bhazeldine5k@ning.com,Male,89.77.61.147
202,Tana,De Castri,tdecastri5l@etsy.com,Bigender,87.45.27.207
203,Marion,Gillingham,mgillingham5m@soundcloud.com,Female,200.216.198.4
204,Adella,Dowsey,adowsey5n@earthlink.net,Female,50.169.59.69
205,Ava,Thomkins,athomkins5o@accuweather.com,Female,190.252.188.225
206,Axe,Santora,asantora5p@nps.gov,Male,115.161.92.210
207,Gleda,McChesney,gmcchesney5q@wufoo.com,Female,184.218.102.181
208,Alicea,Linder,alinder5r@privacy.gov.au,Female,178.28.113.219
209,Jaime,Theaker,jtheaker5s@goo.gl,Female,178.90.27.204
210,Fabe,Camellini,fcamellini5t@sourceforge.net,Male,182.149.189.223
211,Cheri,Hatchett,chatchett5u@indiatimes.com,Female,254.104.54.120
212,Francine,McRitchie,fmcritchie5v@multiply.com,Female,27.155.100.66
213,Maddy,Brooksbie,mbrooksbie5w@microsoft.com,Male,114.126.42.81
214,Cecil,Segrott,csegrott5x@diigo.com,Female,242.57.53.21
215,Ardith,Float,afloat5y@wikia.com,Female,171.121.133.21
216,Winni,Heartfield,wheartfield5z@guardian.co.uk,Female,75.165.99.42
217,Ruttger,Meigh,rmeigh60@artisteer.com,Male,168.70.25.245
218,Lynnelle,Lamort,llamort61@latimes.com,Female,123.164.108.96
219,Dorey,Trebble,dtrebble62@newsvine.com,Male,169.235.38.7
220,Genvieve,Gillopp,ggillopp63@theglobeandmail.com,Female,5.52.239.40
221,Jeffry,Alfuso,jalfuso64@so-net.ne.jp,Male,80.78.39.68
222,Kylen,Ludlom,kludlom65@theglobeandmail.com,Female,231.30.63.66
223,Reece,Ryce,rryce66@nyu.edu,Male,131.64.26.65
224,Sterling,McKeefry,smckeefry67@tripod.com,Male,122.223.90.172
225,Johannah,Stanner,jstanner68@china.com.cn,Female,140.230.40.114
226,Barclay,Shakespear,bshakespear69@slate.com,Male,60.6.13.205
227,Stepha,McVicar,smcvicar6a@reuters.com,Female,249.127.194.222
228,Keelby,Kunrad,kkunrad6b@mapquest.com,Male,149.183.116.197
229,Rora,Alejandro,ralejandro6c@dmoz.org,Female,86.110.127.98
230,Auria,McNeillie,amcneillie6d@usnews.com,Female,140.225.199.145
231,Heidi,Westlake,hwestlake6e@reddit.com,Female,0.123.249.20
232,Leola,Paladini,lpaladini6f@addthis.com,Female,178.236.29.214
233,Deny,Sharplin,dsharplin6g@soundcloud.com,Female,175.71.229.137
234,Dell,Bigly,dbigly6h@disqus.com,Female,186.87.203.22
235,Alanson,Gasken,agasken6i@yandex.ru,Male,72.155.47.243
236,Courtnay,McCool,cmccool6j@admin.ch,Male,95.127.110.79
237,Caro,Affuso,caffuso6k@mlb.com,Female,228.237.98.128
238,Dorolisa,Cordle,dcordle6l@github.com,Female,8.181.64.16
239,Herminia,Franceschielli,hfranceschielli6m@mayoclinic.com,Female,94.147.150.166
240,Ellissa,Pipkin,epipkin6n@hatena.ne.jp,Female,11.98.128.220
241,Darbie,Grievson,dgrievson6o@hud.gov,Polygender,170.119.189.145
242,Javier,De Ruggero,jderuggero6p@freewebs.com,Male,191.46.177.85
243,Durand,Barnhart,dbarnhart6q@bbb.org,Male,73.236.87.148
244,Thornton,Knowler,tknowler6r@ted.com,Genderqueer,75.227.115.85
245,Laurette,Eyer,leyer6s@com.com,Female,173.105.246.22
246,Rad,Standish-Brooks,rstandishbrooks6t@eepurl.com,Male,231.29.75.180
247,Seana,Gillatt,sgillatt6u@trellian.com,Female,135.80.164.100
248,Nicko,Caherny,ncaherny6v@newsvine.com,Male,117.248.34.163
249,Antoinette,Teasdale,ateasdale6w@springer.com,Female,230.195.83.117
250,Kaila,Bett,kbett6x@goo.gl,Non-binary,171.74.157.107
251,Adolph,Berzons,aberzons6y@hexun.com,Male,182.241.146.105
252,Barron,Tackett,btackett6z@google.com.hk,Male,69.218.7.88
253,Iggy,Reardon,ireardon70@lulu.com,Male,92.213.28.104
254,Jeddy,Meriel,jmeriel71@miitbeian.gov.cn,Male,134.142.4.106
255,Fifi,Neeves,fneeves72@prnewswire.com,Female,88.196.151.103
256,Arlina,Joannic,ajoannic73@state.gov,Female,246.171.157.111
257,Mayor,Varley,mvarley74@bandcamp.com,Male,185.244.225.45
258,Conway,Tynemouth,ctynemouth75@comcast.net,Male,110.40.73.62
259,Lotti,Soughton,lsoughton76@1und1.de,Female,5.209.245.218
260,Aldric,Treadgear,atreadgear77@trellian.com,Genderfluid,127.8.123.39
261,Charo,Soal,csoal78@prweb.com,Female,236.45.31.171
262,Lin,Tal,ltal79@ow.ly,Male,164.27.48.62
263,Latisha,Maken,lmaken7a@blogspot.com,Female,111.88.153.54
264,Beryle,Purle,bpurle7b@virginia.edu,Female,52.25.172.61
265,Earlie,Bedberry,ebedberry7c@nbcnews.com,Male,68.87.139.17
266,Gabriele,Wivell,gwivell7d@redcross.org,Non-binary,135.152.217.74
267,Faber,Willishire,fwillishire7e@smh.com.au,Male,129.177.76.93
268,Onfre,Fould,ofould7f@squarespace.com,Agender,131.170.253.213
269,Del,Joska,djoska7g@zdnet.com,Male,254.172.38.100
270,Stella,Kingswoode,skingswoode7h@weebly.com,Female,184.152.36.136
271,Mary,Irving,mirving7i@sourceforge.net,Female,204.244.149.168
272,Bat,Edlyne,bedlyne7j@shinystat.com,Male,73.158.179.149
273,Wiatt,Fewless,wfewless7k@webnode.com,Male,192.128.0.182
274,Ichabod,Gewer,igewer7l@vimeo.com,Male,105.124.31.197
275,Moyra,Nesby,mnesby7m@google.co.jp,Female,255.216.17.24
276,Oliviero,Cowgill,ocowgill7n@nyu.edu,Male,121.231.89.209
277,Tiff,Narramor,tnarramor7o@skyrock.com,Female,254.144.209.12
278,Addy,Burlay,aburlay7p@tuttocitta.it,Female,12.36.41.39
279,Shepherd,Teggin,steggin7q@hexun.com,Male,173.117.23.118
280,Nissa,Clemendot,nclemendot7r@nasa.gov,Female,129.137.237.0
281,Alejandra,Mervyn,amervyn7s@apache.org,Female,236.156.192.42
282,Adrianne,Mabone,amabone7t@weather.com,Female,201.115.224.29
283,Maryrose,Stennett,mstennett7u@liveinternet.ru,Female,52.249.202.168
284,Ellwood,Grewcock,egrewcock7v@unicef.org,Polygender,129.240.48.128
285,Willi,Dumbrell,wdumbrell7w@mapquest.com,Female,137.119.11.173
286,Spense,de la Valette Parisot,sdelavaletteparisot7x@paypal.com,Male,30.148.97.171
287,Yettie,Stangroom,ystangroom7y@oakley.com,Female,144.17.185.231
288,Shantee,Fisk,sfisk7z@over-blog.com,Female,29.166.250.30
289,Cecelia,Kivits,ckivits80@pcworld.com,Female,224.183.37.231
290,Merrili,Gave,mgave81@homestead.com,Female,155.132.183.82
291,Lavena,Gosnoll,lgosnoll82@g.co,Female,24.61.37.121
292,Briana,Elloway,belloway83@huffingtonpost.com,Female,169.198.55.140
293,Fidel,Vanyashkin,fvanyashkin84@salon.com,Male,200.87.213.181
294,Angelique,Houchen,ahouchen85@ibm.com,Female,226.10.15.239
295,Nev,Fant,nfant86@gnu.org,Male,5.135.231.2
296,Ingrim,Hazelgreave,ihazelgreave87@examiner.com,Male,227.167.171.231
297,Hinda,Segrott,hsegrott88@phoca.cz,Female,219.33.1.29
298,Selby,Strode,sstrode89@spiegel.de,Genderfluid,183.220.94.62
299,Edgar,Ravelus,eravelus8a@free.fr,Male,117.165.210.234
300,Cinnamon,Dowding,cdowding8b@twitter.com,Female,61.60.35.186
301,Felicio,Sallan,fsallan8c@europa.eu,Male,206.238.147.172
302,Lianne,Champneys,lchampneys8d@java.com,Female,52.48.68.137
303,Dill,Breitling,dbreitling8e@google.com.au,Male,133.127.83.14
304,Xaviera,Ketchaside,xketchaside8f@gnu.org,Female,148.30.201.236
305,Arlene,Verling,averling8g@soup.io,Agender,71.229.215.24
306,Devland,Proschke,dproschke8h@unc.edu,Male,253.217.230.15
307,Phil,Glaum,pglaum8i@canalblog.com,Male,85.178.150.175
308,Douglass,Stoffersen,dstoffersen8j@walmart.com,Male,87.231.167.110
309,Arabel,Goodlad,agoodlad8k@hatena.ne.jp,Female,95.132.234.139
310,Darbie,Martinat,dmartinat8l@sourceforge.net,Female,109.9.85.97
311,Jess,Daber,jdaber8m@ning.com,Female,163.146.19.127
312,Tiebout,McCrorie,tmccrorie8n@earthlink.net,Male,4.180.172.229
313,Ellette,Chamberlaine,echamberlaine8o@businessweek.com,Female,89.197.86.103
314,Benedict,Message,bmessage8p@unicef.org,Male,43.153.204.117
315,Shirl,Syms,ssyms8q@howstuffworks.com,Female,117.180.167.50
316,John,Hesse,jhesse8r@hugedomains.com,Non-binary,139.242.157.147
317,Lynea,Hampe,lhampe8s@mtv.com,Female,221.245.60.242
318,Roby,Wain,rwain8t@columbia.edu,Female,185.66.132.243
319,Son,Philp,sphilp8u@ehow.com,Male,125.76.192.205
320,Bendix,Latek,blatek8v@scribd.com,Male,139.3.208.181
321,Ricard,Neathway,rneathway8w@umn.edu,Male,22.50.17.213
322,Celestina,Gallier,cgallier8x@apache.org,Female,25.16.43.97
323,Darya,Arondel,darondel8y@sfgate.com,Female,171.70.253.168
324,Karlik,Beaument,kbeaument8z@youtube.com,Male,198.140.117.64
325,Ogden,Stather,ostather90@booking.com,Male,33.235.117.69
326,Mari,Eagleston,meagleston91@deviantart.com,Female,236.154.122.81
327,Bronny,Battle,bbattle92@hugedomains.com,Male,45.105.196.202
328,Gussy,McKinn,gmckinn93@tripod.com,Polygender,15.253.2.96
329,Monty,Balaizot,mbalaizot94@uol.com.br,Male,29.224.57.241
330,Pamela,Lewson,plewson95@github.com,Female,60.53.217.128
331,Fulvia,Duchart,fduchart96@princeton.edu,Female,157.105.84.82
332,Finley,Sherrington,fsherrington97@ca.gov,Male,229.125.50.133
333,Leilah,Pennock,lpennock98@discuz.net,Female,19.156.73.44
334,Flo,Phillimore,fphillimore99@tripadvisor.com,Female,11.175.12.60
335,Datha,Oxberry,doxberry9a@friendfeed.com,Agender,27.162.144.141
336,Wilone,McElmurray,wmcelmurray9b@reddit.com,Female,224.153.81.168
337,Andy,Padly,apadly9c@prweb.com,Male,173.160.23.118
338,Horatius,Priddy,hpriddy9d@sciencedaily.com,Male,77.133.135.48
339,Teodoro,Filmer,tfilmer9e@51.la,Male,127.239.44.171
340,Danella,Eddies,deddies9f@aboutads.info,Female,249.236.178.86
341,Oliviero,Hefford,ohefford9g@dropbox.com,Male,183.198.49.83
342,Brigitte,Turvie,bturvie9h@de.vu,Female,38.178.247.105
343,Nikos,Wren,nwren9i@smugmug.com,Male,234.151.6.76
344,Maudie,Landal,mlandal9j@purevolume.com,Female,59.142.100.148
345,Beryl,Persence,bpersence9k@state.tx.us,Female,136.124.121.229
346,Remus,Trenchard,rtrenchard9l@joomla.org,Male,193.100.209.142
347,Haze,Barclay,hbarclay9m@goo.gl,Male,13.167.250.188
348,Nannette,Cajkler,ncajkler9n@wordpress.org,Female,249.186.83.1
349,Gilburt,Fenner,gfenner9o@businessweek.com,Male,67.60.206.109
350,Merissa,Galland,mgalland9p@telegraph.co.uk,Female,71.143.149.216
351,Allyce,Chipman,achipman9q@tamu.edu,Female,130.111.231.11
352,Betteanne,Antonowicz,bantonowicz9r@mediafire.com,Female,55.71.87.100
353,Jandy,Simeon,jsimeon9s@icio.us,Female,233.127.164.16
354,Myranda,Court,mcourt9t@vimeo.com,Female,206.115.101.114
355,Vivia,Reditt,vreditt9u@blogs.com,Female,59.210.114.6
356,Ofilia,Coghlin,ocoghlin9v@ed.gov,Female,140.89.112.203
357,Alvis,Bielfelt,abielfelt9w@ca.gov,Male,205.14.85.160
358,Norah,Candelin,ncandelin9x@bloomberg.com,Female,250.226.233.133
359,Beatriz,Rubertis,brubertis9y@zimbio.com,Female,17.46.239.124
360,Octavius,Wegman,owegman9z@51.la,Male,39.158.65.201
361,Berk,Maxworthy,bmaxworthya0@devhub.com,Male,189.43.51.137
362,Brok,Kayes,bkayesa1@google.es,Male,150.253.107.155
363,Jemmie,Larkins,jlarkinsa2@boston.com,Female,47.211.212.60
364,Victoir,Vondracek,vvondraceka3@cbsnews.com,Male,105.219.150.36
365,Nina,Ianittello,nianittelloa4@amazon.co.jp,Female,50.94.45.24
366,Orin,Barrasse,obarrassea5@vistaprint.com,Male,45.225.56.68
367,Alf,Matushevich,amatushevicha6@soup.io,Male,14.95.224.12
368,Stanton,Ingreda,singredaa7@discuz.net,Male,21.149.76.110
369,Kariotta,Pilgrim,kpilgrima8@intel.com,Female,157.249.233.52
370,Hashim,Meiklam,hmeiklama9@utexas.edu,Male,195.206.77.250
371,Kerri,Bolesma,kbolesmaaa@unblog.fr,Female,208.102.174.0
372,Frasier,MacQuist,fmacquistab@shutterfly.com,Male,124.133.163.91
373,Issiah,Vina,ivinaac@diigo.com,Male,113.146.90.96
374,Roderick,Toyne,rtoynead@w3.org,Male,201.168.97.215
375,Alanson,Shearsby,ashearsbyae@canalblog.com,Male,27.216.7.175
376,Manolo,Stickens,mstickensaf@skyrock.com,Male,111.202.248.136
377,Kenneth,Edensor,kedensorag@discuz.net,Male,250.185.158.15
378,Jeffy,ducarme,jducarmeah@geocities.com,Male,220.109.92.164
379,Fredrika,Tallis,ftallisai@technorati.com,Female,194.182.212.28
380,Filmer,Klimko,fklimkoaj@mapquest.com,Male,14.212.27.18
381,Aldis,Krelle,akrelleak@clickbank.net,Male,86.128.216.73
382,Tomlin,Fireman,tfiremanal@boston.com,Bigender,116.73.4.241
383,Man,Burdytt,mburdyttam@trellian.com,Male,24.66.195.231
384,Ermin,Braunston,ebraunstonan@e-recht24.de,Male,211.125.169.140
385,Brandy,Hendrichs,bhendrichsao@technorati.com,Female,212.66.163.19
386,Francisco,Frayling,ffraylingap@google.fr,Male,22.88.41.235
387,Doralyn,Batkin,dbatkinaq@google.de,Female,78.163.105.89
388,Lincoln,Yegorovnin,lyegorovninar@gmpg.org,Genderfluid,176.110.121.235
389,Remy,McCourtie,rmccourtieas@surveymonkey.com,Female,62.55.102.254
390,Myer,Jurkiewicz,mjurkiewiczat@chronoengine.com,Male,141.96.137.41
391,Jemie,Denver,jdenverau@rakuten.co.jp,Female,2.7.184.31
392,Lorinda,Holdforth,lholdforthav@kickstarter.com,Female,164.160.11.198
393,Dorey,Marshall,dmarshallaw@macromedia.com,Male,32.251.162.230
394,Sioux,Belamy,sbelamyax@de.vu,Female,71.15.239.40
395,Daffy,Filipyev,dfilipyevay@chicagotribune.com,Female,228.143.121.23
396,Raffaello,Riggott,rriggottaz@amazon.co.jp,Male,194.52.8.119
397,Griffith,Richards,grichardsb0@t-online.de,Male,37.67.80.215
398,Orly,Mylchreest,omylchreestb1@china.com.cn,Female,48.241.42.47
399,Aundrea,Lavell,alavellb2@icio.us,Female,79.22.67.217
400,Katerine,Parmer,kparmerb3@g.co,Female,218.136.138.225
401,Pennie,McCurtin,pmccurtinb4@icio.us,Male,109.187.20.146
402,Maurise,Hamelyn,mhamelynb5@cnet.com,Male,62.130.80.228
403,Pearline,Simyson,psimysonb6@msn.com,Bigender,211.188.214.130
404,Vincent,Gurwood,vgurwoodb7@washington.edu,Male,239.55.105.94
405,Averil,Folomin,afolominb8@opera.com,Female,237.98.166.99
406,Ilysa,Holsall,iholsallb9@prnewswire.com,Female,229.72.214.230
407,Bearnard,Quadrio,bquadrioba@uiuc.edu,Male,157.102.194.233
408,Walton,Welchman,wwelchmanbb@google.cn,Male,106.114.249.17
409,Jenni,Berryann,jberryannbc@webnode.com,Female,223.155.133.214
410,Norri,Wagge,nwaggebd@aol.com,Female,145.224.231.240
411,Jolynn,Kitson,jkitsonbe@vinaora.com,Female,4.85.83.229
412,Raphaela,Durrant,rdurrantbf@technorati.com,Female,221.7.113.4
413,Carroll,Ivancevic,civancevicbg@netlog.com,Male,230.146.11.59
414,Adena,Straw,astrawbh@cdc.gov,Female,85.113.225.122
415,Benetta,Jermin,bjerminbi@abc.net.au,Female,0.123.246.90
416,Crissie,Duker,cdukerbj@spotify.com,Female,66.140.180.118
417,Berty,Coxhead,bcoxheadbk@cocolog-nifty.com,Female,113.181.210.160
418,Ferdinand,Oliver-Paull,foliverpaullbl@google.cn,Male,6.162.240.227
419,Daisey,Bispo,dbispobm@imageshack.us,Female,211.229.75.27
420,Sandy,Cuckson,scucksonbn@indiegogo.com,Female,247.6.139.33
421,Sasha,Tythe,stythebo@xing.com,Non-binary,5.41.19.236
422,Rockey,Beurich,rbeurichbp@google.ru,Bigender,186.253.216.75
423,Benjie,Brundall,bbrundallbq@g.co,Genderfluid,5.231.60.8
424,Christoffer,Stitt,cstittbr@usnews.com,Non-binary,135.66.113.39
425,Anabelle,Cauley,acauleybs@xrea.com,Female,106.71.47.147
426,Vernen,Abbe,vabbebt@blog.com,Male,198.216.232.95
427,Misha,Clashe,mclashebu@google.co.jp,Female,250.143.206.89
428,Chilton,McKeller,cmckellerbv@state.tx.us,Male,166.199.138.13
429,Ceciley,Francecione,cfrancecionebw@cornell.edu,Female,181.253.154.211
430,Pavlov,Zanussii,pzanussiibx@narod.ru,Male,45.213.114.17
431,Xerxes,Pariso,xparisoby@163.com,Male,56.237.178.144
432,Syd,Bennet,sbennetbz@studiopress.com,Male,168.43.248.30
433,Francklyn,Bedo,fbedoc0@discuz.net,Male,86.247.58.109
434,Michael,Huntall,mhuntallc1@sfgate.com,Male,181.121.136.44
435,Fenelia,Boydon,fboydonc2@jigsy.com,Female,116.219.122.217
436,Hardy,Urrey,hurreyc3@phoca.cz,Male,17.65.58.23
437,Brittni,Sharple,bsharplec4@aol.com,Female,177.154.54.248
438,Madison,Gaisford,mgaisfordc5@illinois.edu,Male,108.125.62.200
439,Syman,Alenin,saleninc6@lulu.com,Male,218.81.80.72
440,Pamelina,Ribou,pribouc7@census.gov,Female,113.205.57.90
441,Stephana,Ganing,sganingc8@imdb.com,Female,210.90.211.252
442,Elysia,Inkles,einklesc9@psu.edu,Female,206.141.46.156
443,Gustavus,Scothorn,gscothornca@ox.ac.uk,Male,150.167.47.120
444,Bing,Kinnach,bkinnachcb@smh.com.au,Male,16.178.19.66
445,Anastassia,Balazs,abalazscc@china.com.cn,Female,58.40.23.253
446,Liv,Barneveld,lbarneveldcd@elegantthemes.com,Female,139.91.211.38
447,Shirline,Harniman,sharnimance@amazon.co.uk,Female,17.209.87.212
448,Griffie,Crebbin,gcrebbincf@amazon.com,Male,126.93.160.180
449,Sarge,Mellonby,smellonbycg@arstechnica.com,Male,7.41.12.43
450,Arlena,Arnholtz,aarnholtzch@virginia.edu,Female,217.123.117.159
451,Doroteya,Ussher,dussherci@unc.edu,Female,162.58.133.21
452,Koren,Lelliott,klelliottcj@amazon.co.jp,Bigender,85.146.30.134
453,Leila,McGarrahan,lmcgarrahanck@icio.us,Female,15.236.231.224
454,Arney,Cattow,acattowcl@businesswire.com,Male,69.120.226.143
455,Leland,Olin,lolincm@naver.com,Female,249.6.238.181
456,Burgess,Blackledge,bblackledgecn@over-blog.com,Male,111.151.68.150
457,Teddy,Muehler,tmuehlerco@redcross.org,Male,126.149.244.180
458,Michel,Rosnau,mrosnaucp@chron.com,Male,85.235.46.149
459,Torrey,Echlin,techlincq@businessinsider.com,Male,61.50.11.1
460,Trenton,Rebichon,trebichoncr@angelfire.com,Male,152.3.139.135
461,Scotty,Greggersen,sgreggersencs@mac.com,Male,229.126.35.215
462,Marijn,Gritsunov,mgritsunovct@msu.edu,Genderfluid,131.191.132.51
463,Honey,Chaffer,hchaffercu@comsenz.com,Female,67.30.145.173
464,Toni,Headland,theadlandcv@nasa.gov,Female,23.177.210.33
465,Dari,Owlner,dowlnercw@tmall.com,Female,46.40.231.190
466,Debbie,Astley,dastleycx@state.tx.us,Female,78.28.237.28
467,Maritsa,Broske,mbroskecy@dyndns.org,Female,3.103.54.94
468,Jelene,McKean,jmckeancz@arstechnica.com,Female,215.195.70.212
469,Robbi,Blackler,rblacklerd0@mtv.com,Female,62.164.3.120
470,Marcela,Danbi,mdanbid1@amazon.co.uk,Polygender,206.246.58.9
471,Lilian,Matson,lmatsond2@house.gov,Non-binary,163.79.163.234
472,Kimberli,Dennick,kdennickd3@loc.gov,Agender,103.243.39.239
473,Kally,Shaddock,kshaddockd4@ebay.com,Non-binary,108.168.13.24
474,Gil,Hamfleet,ghamfleetd5@geocities.com,Male,172.121.227.246
475,Clint,De'Ath,cdeathd6@ask.com,Male,233.120.173.107
476,Cissy,Reichhardt,creichhardtd7@smugmug.com,Female,106.144.149.223
477,Cyrus,Doughty,cdoughtyd8@google.it,Male,53.203.221.164
478,Bridget,Copper,bcopperd9@zimbio.com,Bigender,46.83.120.6
479,Enrica,Shervil,eshervilda@bloglines.com,Female,229.47.193.186
480,Othello,Storrie,ostorriedb@networkadvertising.org,Male,145.155.80.30
481,Lincoln,Shave,lshavedc@wp.com,Male,165.172.140.78
482,Rodrique,Cawson,rcawsondd@lycos.com,Male,165.93.168.81
483,Rosamond,Denerley,rdenerleyde@opera.com,Female,233.109.251.86
484,Greggory,Petegre,gpetegredf@army.mil,Male,107.230.237.153
485,Jervis,Bauduccio,jbauducciodg@ning.com,Male,102.100.183.25
486,Appolonia,Cowlas,acowlasdh@opera.com,Female,172.69.76.109
487,Osmond,Bartlomiej,obartlomiejdi@miibeian.gov.cn,Male,109.25.21.176
488,Trudi,Evensden,tevensdendj@phoca.cz,Female,225.48.178.171
489,Valli,Bridgewater,vbridgewaterdk@noaa.gov,Female,191.31.40.138
490,Wendel,MacAlpine,wmacalpinedl@yolasite.com,Bigender,104.51.181.218
491,Babbie,Hart,bhartdm@blogtalkradio.com,Female,177.244.87.93
492,Gwendolyn,Linstead,glinsteaddn@squarespace.com,Female,212.126.45.37
493,Ludovico,Wadsworth,lwadsworthdo@feedburner.com,Male,180.133.20.206
494,Ardine,Shields,ashieldsdp@live.com,Female,139.167.57.236
495,Lynett,Petrie,lpetriedq@shareasale.com,Female,19.236.99.159
496,Flory,Escott,fescottdr@stumbleupon.com,Male,155.226.71.98
497,Frazer,Kneeshaw,fkneeshawds@ustream.tv,Male,134.122.111.211
498,Mariette,Risebrow,mrisebrowdt@amazon.de,Female,3.135.58.108
499,Elka,Cooling,ecoolingdu@pagesperso-orange.fr,Female,191.209.8.196
500,Alana,Wheelhouse,awheelhousedv@newsvine.com,Female,227.129.125.197
501,Smitty,Petto,spettodw@irs.gov,Male,45.176.205.142
502,Carin,Freddi,cfreddidx@ehow.com,Female,8.178.113.125
503,Sybil,Enrigo,senrigody@merriam-webster.com,Female,194.96.225.14
504,Jacquenette,Parkeson,jparkesondz@live.com,Female,148.229.134.250
505,Egbert,Isakov,eisakove0@cmu.edu,Male,33.174.184.188
506,Neill,Rouch,nrouche1@tumblr.com,Male,17.68.33.17
507,Kenon,Spikeings,kspikeingse2@gizmodo.com,Genderqueer,141.101.116.7
508,Ezmeralda,Slixby,eslixbye3@nydailynews.com,Female,33.132.199.230
509,Chris,Fairbairn,cfairbairne4@apple.com,Non-binary,138.249.244.164
510,Mignon,Perocci,mperoccie5@icio.us,Female,55.105.69.199
511,Garik,Hainsworth,ghainsworthe6@samsung.com,Male,93.92.143.48
512,Rosemarie,Poynzer,rpoynzere7@gmpg.org,Female,243.184.105.245
513,Irene,McClaurie,imcclauriee8@mayoclinic.com,Female,30.194.254.56
514,Lorine,Lambot,llambote9@de.vu,Female,1.9.45.245
515,Eugene,Peyntue,epeyntueea@soup.io,Male,98.51.79.155
516,Alie,Walters,awalterseb@indiegogo.com,Non-binary,71.48.50.239
517,Pearle,Stucksbury,pstucksburyec@wisc.edu,Female,177.45.3.201
518,Ezequiel,Mancktelow,emancktelowed@vkontakte.ru,Male,195.57.44.49
519,Dud,Revie,drevieee@biglobe.ne.jp,Male,242.111.126.130
520,Lucais,Andres,landresef@is.gd,Male,135.29.217.222
521,Darrin,Syversen,dsyverseneg@newsvine.com,Male,212.89.204.251
522,Clarance,Bendel,cbendeleh@seesaa.net,Male,56.80.148.79
523,Kiersten,Minster,kminsterei@tamu.edu,Agender,237.98.30.165
524,Ford,Tawton,ftawtonej@pagesperso-orange.fr,Male,111.152.152.86
525,Corey,Burlingame,cburlingameek@house.gov,Male,194.187.246.209
526,Beryle,Stife,bstifeel@fda.gov,Female,254.28.41.52
527,Cammie,Jeavons,cjeavonsem@ucoz.com,Female,98.100.249.137
528,Kaitlynn,Butler,kbutleren@hugedomains.com,Female,24.219.64.182
529,Saunders,Barker,sbarkereo@answers.com,Male,54.8.97.46
530,Jemie,Styant,jstyantep@topsy.com,Female,24.36.16.60
531,Hana,Laird-Craig,hlairdcraigeq@bloglines.com,Female,179.237.193.148
532,Obediah,Legg,olegger@cmu.edu,Male,207.238.71.253
533,Robbin,Getch,rgetches@wordpress.org,Female,73.253.118.120
534,Essa,Haggidon,ehaggidonet@redcross.org,Female,81.238.253.106
535,Pepita,Castellaccio,pcastellaccioeu@livejournal.com,Female,185.34.14.191
536,Sutherlan,Crix,scrixev@wordpress.com,Male,217.91.137.197
537,Albert,Lanston,alanstonew@independent.co.uk,Male,4.12.36.143
538,Margarette,Palphramand,mpalphramandex@behance.net,Female,70.196.86.183
539,Ronica,Viccars,rviccarsey@cbsnews.com,Female,170.151.45.230
540,Wilhelmine,Portal,wportalez@wikia.com,Polygender,137.78.52.67
541,Basia,Swinley,bswinleyf0@macromedia.com,Female,97.14.249.147
542,Waite,Mattiello,wmattiellof1@ebay.com,Male,208.97.201.98
543,Burke,Piris,bpirisf2@scribd.com,Agender,11.231.56.91
544,Bartholomew,Opie,bopief3@tumblr.com,Male,156.248.244.57
545,Bruce,Garr,bgarrf4@sciencedaily.com,Male,33.13.54.39
546,Fidelio,Zanardii,fzanardiif5@bravesites.com,Male,70.127.70.41
547,Frasco,Wynch,fwynchf6@xing.com,Male,249.93.169.7
548,Biron,Auten,bautenf7@purevolume.com,Male,242.192.42.95
549,Erie,Downer,edownerf8@wufoo.com,Male,20.53.142.72
550,Jefferey,Gabbotts,jgabbottsf9@accuweather.com,Male,24.76.197.46
551,Odelinda,Dunnan,odunnanfa@dell.com,Genderfluid,147.229.175.211
552,Hannah,Mattiello,hmattiellofb@yolasite.com,Female,39.36.73.234
553,Carter,Tregaskis,ctregaskisfc@businesswire.com,Male,57.222.161.108
554,Brandy,Loney,bloneyfd@thetimes.co.uk,Male,251.134.232.75
555,Harlie,Gardiner,hgardinerfe@qq.com,Female,92.88.184.221
556,Dewey,Pantin,dpantinff@abc.net.au,Male,2.250.90.95
557,Jillene,Goodrum,jgoodrumfg@ucsd.edu,Female,9.28.59.166
558,Aretha,Riteley,ariteleyfh@indiegogo.com,Female,5.132.43.157
559,Manda,Mingus,mmingusfi@google.it,Female,223.111.238.87
560,William,Fenn,wfennfj@4shared.com,Genderqueer,24.37.9.34
561,Lilia,McCambrois,lmccambroisfk@apple.com,Female,174.248.82.21
562,Wenda,Cawte,wcawtefl@wiley.com,Female,220.251.215.208
563,Griswold,Myton,gmytonfm@jigsy.com,Male,206.127.87.195
564,Wye,Chaffin,wchaffinfn@themeforest.net,Male,37.64.172.3
565,Alena,Rodway,arodwayfo@icq.com,Female,43.120.77.195
566,Janeen,Snassell,jsnassellfp@thetimes.co.uk,Female,84.139.222.6
567,Gregoor,Woollacott,gwoollacottfq@sun.com,Male,250.138.94.108
568,Dill,Wimp,dwimpfr@creativecommons.org,Male,156.49.4.208
569,Betteanne,Bartolomeu,bbartolomeufs@creativecommons.org,Female,158.69.203.14
570,Fleur,Wallbanks,fwallbanksft@123-reg.co.uk,Female,117.240.94.173
571,Walt,Tippett,wtippettfu@simplemachines.org,Male,30.122.63.180
572,Verena,Theunissen,vtheunissenfv@nih.gov,Female,93.102.150.70
573,Rhiamon,Bedrosian,rbedrosianfw@usda.gov,Female,118.139.126.118
574,Trula,Edmands,tedmandsfx@ox.ac.uk,Female,188.70.31.66
575,Shelby,Bedo,sbedofy@netlog.com,Female,90.123.14.137
576,Winona,Sanches,wsanchesfz@jalbum.net,Female,3.171.158.128
577,Donny,Odgaard,dodgaardg0@google.co.jp,Male,71.68.90.201
578,Joshua,Soppit,jsoppitg1@arizona.edu,Polygender,236.235.188.20
579,Merry,Risbrough,mrisbroughg2@virginia.edu,Female,209.162.142.73
580,Wynny,Gommes,wgommesg3@tinypic.com,Female,19.167.170.188
581,Lorrayne,Westhoff,lwesthoffg4@fda.gov,Female,110.81.140.228
582,Gunter,Iori,giorig5@ebay.co.uk,Male,132.180.200.153
583,Zuzana,Dutch,zdutchg6@theatlantic.com,Female,134.156.159.15
584,Melinde,Giorgielli,mgiorgiellig7@discovery.com,Female,22.34.109.140
585,Emmi,Blowick,eblowickg8@bizjournals.com,Female,172.148.255.202
586,Sonny,Ranklin,srankling9@statcounter.com,Male,225.172.43.72
587,Verene,Tregale,vtregalega@4shared.com,Female,68.228.157.205
588,Caro,Squeers,csqueersgb@joomla.org,Female,76.151.183.234
589,Evelyn,Morsley,emorsleygc@biglobe.ne.jp,Male,176.16.135.169
590,Yulma,Webberley,ywebberleygd@acquirethisname.com,Male,46.48.84.243
591,Jillana,Brind,jbrindge@seesaa.net,Female,198.104.76.195
592,Ora,Clewarth,oclewarthgf@mayoclinic.com,Female,157.33.137.52
593,Clarette,Duckett,cduckettgg@tinypic.com,Female,172.200.133.120
594,Francklyn,Suttaby,fsuttabygh@businesswire.com,Male,173.44.100.189
595,Neala,Stenyng,nstenynggi@netscape.com,Polygender,92.123.172.229
596,Valaree,Drees,vdreesgj@army.mil,Polygender,151.239.88.34
597,Atlanta,Flecknoe,aflecknoegk@meetup.com,Agender,51.27.87.116
598,Emile,Hasnney,ehasnneygl@usatoday.com,Male,186.87.206.170
599,Leandra,Circuitt,lcircuittgm@technorati.com,Female,147.104.75.231
600,Agatha,Domico,adomicogn@webeden.co.uk,Female,56.14.124.81
601,Milt,Milham,mmilhamgo@parallels.com,Male,172.55.42.194
602,Celestine,Over,covergp@theatlantic.com,Female,174.225.236.0
603,Kipp,Tremonte,ktremontegq@mysql.com,Female,145.82.200.248
604,Lonnie,Vigietti,lvigiettigr@arstechnica.com,Female,37.34.49.13
605,Wilden,Perceval,wpercevalgs@tinypic.com,Male,16.220.144.221
606,Liesa,Astill,lastillgt@imdb.com,Female,181.79.33.105
607,Gilberte,Burnapp,gburnappgu@vk.com,Female,171.32.248.26
608,Cammie,Perin,cperingv@infoseek.co.jp,Female,109.145.109.117
609,Franni,Pheasant,fpheasantgw@upenn.edu,Female,63.12.122.64
610,Garner,Ramsden,gramsdengx@de.vu,Male,43.241.6.99
611,Deny,Teodorski,dteodorskigy@webnode.com,Female,39.45.100.106
612,Lanie,Sharple,lsharplegz@over-blog.com,Female,204.53.50.25
613,Ermin,Gianuzzi,egianuzzih0@imageshack.us,Male,237.23.234.128
614,Sapphire,Lunk,slunkh1@va.gov,Female,37.78.90.153
615,Ashien,Ginsie,aginsieh2@posterous.com,Female,39.196.74.169
616,Camila,Arnaldi,carnaldih3@imdb.com,Female,222.25.230.213
617,Joanie,Hext,jhexth4@yolasite.com,Polygender,149.229.159.175
618,Alexine,Poad,apoadh5@discovery.com,Female,67.207.72.132
619,Raven,Laba,rlabah6@vkontakte.ru,Female,164.250.109.149
620,Gerri,Crock,gcrockh7@guardian.co.uk,Female,195.66.136.141
621,Ilaire,Daykin,idaykinh8@dot.gov,Male,50.215.94.240
622,Judy,Capin,jcapinh9@twitpic.com,Bigender,192.14.165.44
623,Katlin,Lynde,klyndeha@slideshare.net,Female,54.194.237.84
624,Dorise,Shevlin,dshevlinhb@tinyurl.com,Female,221.116.79.58
625,Koral,Angrock,kangrockhc@indiegogo.com,Genderfluid,49.114.53.90
626,Kendrick,Guarin,kguarinhd@w3.org,Male,89.248.107.14
627,Ricard,Tarpey,rtarpeyhe@toplist.cz,Male,233.197.159.71
628,Audie,Behnke,abehnkehf@businessweek.com,Female,45.135.11.118
629,Avrit,Stockle,astocklehg@fc2.com,Female,147.156.222.231
630,Dorette,Goodison,dgoodisonhh@npr.org,Female,152.163.22.16
631,Blakeley,Teasey,bteaseyhi@ning.com,Female,10.211.80.160
632,Cindy,Calderwood,ccalderwoodhj@list-manage.com,Bigender,188.139.193.142
633,Haley,Yakuntsov,hyakuntsovhk@opensource.org,Female,67.5.78.101
634,Delilah,Moreinis,dmoreinishl@mapy.cz,Female,229.176.103.106
635,Everard,Tayt,etaythm@sakura.ne.jp,Male,127.89.255.164
636,Gerardo,Pepys,gpepyshn@imageshack.us,Male,86.183.30.12
637,Ofelia,Samwell,osamwellho@about.me,Female,2.189.70.162
638,Skipper,Sends,ssendshp@shinystat.com,Male,153.191.124.95
639,Monti,Latchford,mlatchfordhq@hugedomains.com,Male,164.255.157.238
640,Dorie,Flew,dflewhr@a8.net,Female,183.240.234.156
641,Clem,Oganesian,coganesianhs@acquirethisname.com,Male,52.214.193.28
642,Gerianne,Embery,gemberyht@biblegateway.com,Female,113.104.192.124
643,Doug,Innerstone,dinnerstonehu@google.it,Male,34.41.135.159
644,Rhetta,Widdocks,rwiddockshv@booking.com,Female,166.145.106.234
645,Sonny,Sunock,ssunockhw@google.ru,Male,109.7.152.252
646,Conrado,Vasilechko,cvasilechkohx@hp.com,Non-binary,97.125.85.113
647,Scotti,Lucy,slucyhy@examiner.com,Male,6.36.55.214
648,Maye,Akister,makisterhz@sitemeter.com,Female,235.163.115.209
649,Rice,Kiljan,rkiljani0@webnode.com,Male,193.240.18.94
650,Krista,Sellar,ksellari1@forbes.com,Genderfluid,247.189.94.95
651,Nicky,Marland,nmarlandi2@businessweek.com,Female,121.105.153.144
652,Gifford,Kerton,gkertoni3@state.gov,Male,46.49.235.173
653,Austin,Storre,astorrei4@cnn.com,Female,140.145.99.33
654,Bibbye,Molder,bmolderi5@china.com.cn,Agender,30.234.1.206
655,Janessa,Keston,jkestoni6@cpanel.net,Female,135.235.228.187
656,Kandace,Pregal,kpregali7@hubpages.com,Female,83.6.5.185
657,Brittany,Gerrie,bgerriei8@state.gov,Female,179.220.200.224
658,Kenny,McNeillie,kmcneilliei9@1688.com,Male,11.145.128.21
659,Cosmo,Blance,cblanceia@macromedia.com,Male,186.202.101.2
660,Rea,Patrick,rpatrickib@quantcast.com,Female,222.88.79.155
661,Edyth,Valentin,evalentinic@about.com,Female,122.224.54.245
662,Sherri,Rosenthal,srosenthalid@wunderground.com,Female,17.252.248.47
663,Ulick,Rodenburg,urodenburgie@google.it,Male,255.131.37.119
664,Kata,Neal,knealif@technorati.com,Female,200.194.144.179
665,Hubie,Tremouille,htremouilleig@storify.com,Male,245.68.88.10
666,Francesco,Litterick,flitterickih@utexas.edu,Male,156.30.215.80
667,Ophelie,Mattussevich,omattussevichii@example.com,Female,91.7.175.0
668,Allistir,Kellet,akelletij@arizona.edu,Male,89.72.38.45
669,Juliana,Ives,jivesik@facebook.com,Polygender,4.17.219.87
670,Denver,Barker,dbarkeril@tripod.com,Male,0.154.85.79
671,Elka,Arents,earentsim@xrea.com,Female,57.241.95.98
672,Noland,Willavize,nwillavizein@spiegel.de,Male,20.79.138.116
673,Layney,Pickup,lpickupio@symantec.com,Bigender,178.14.178.205
674,Rahel,Kondratenya,rkondratenyaip@histats.com,Female,228.90.195.184
675,Ariana,Dangl,adangliq@nasa.gov,Genderqueer,220.151.211.195
676,Granger,Coomber,gcoomberir@amazon.com,Male,115.156.200.97
677,Keenan,Cornford,kcornfordis@imgur.com,Male,5.250.253.81
678,Josephina,Aylen,jaylenit@hhs.gov,Female,214.41.221.193
679,Janeta,Phelit,jphelitiu@mit.edu,Female,4.19.96.80
680,Evangelina,Mully,emullyiv@ucoz.com,Female,40.201.152.209
681,Randene,Rego,rregoiw@ifeng.com,Female,236.48.38.72
682,Errick,McPeeters,emcpeetersix@nydailynews.com,Male,158.91.75.119
683,Dianne,Claasen,dclaaseniy@nps.gov,Female,180.225.168.43
684,Laughton,Worrell,lworrelliz@yandex.ru,Male,142.83.194.146
685,Gussy,Paramore,gparamorej0@narod.ru,Female,20.26.234.90
686,Dalt,Perrygo,dperrygoj1@unblog.fr,Male,165.159.99.250
687,Allix,Runcieman,arunciemanj2@linkedin.com,Female,233.206.109.164
688,Carlota,Eynon,ceynonj3@deliciousdays.com,Female,47.90.152.108
689,Vladamir,Kupke,vkupkej4@weather.com,Male,30.218.15.232
690,Agustin,Bolliver,abolliverj5@ow.ly,Male,22.165.26.118
691,Tim,McKiddin,tmckiddinj6@sciencedaily.com,Female,131.147.246.192
692,Levy,Surpliss,lsurplissj7@census.gov,Male,149.109.214.198
693,Bram,Willimont,bwillimontj8@sina.com.cn,Male,75.18.89.159
694,Cordula,Giametti,cgiamettij9@photobucket.com,Female,171.119.31.197
695,Brina,Gallant,bgallantja@ucla.edu,Female,120.68.222.74
696,Cal,Chesshyre,cchesshyrejb@icio.us,Male,147.47.248.131
697,Dall,Goldstein,dgoldsteinjc@google.ru,Male,210.58.65.201
698,Pearl,Le Noire,plenoirejd@businessinsider.com,Female,40.228.39.192
699,Dimitri,Hefner,dhefnerje@bbc.co.uk,Male,233.80.108.91
700,Luke,Anetts,lanettsjf@angelfire.com,Male,52.35.234.249
701,Peter,Gorden,pgordenjg@tumblr.com,Male,189.226.53.133
702,Whitman,Tolle,wtollejh@bbb.org,Male,163.246.115.73
703,Alix,Van der Kruijs,avanderkruijsji@nifty.com,Polygender,17.86.73.46
704,Leila,Heinreich,lheinreichjj@addtoany.com,Female,90.60.143.173
705,Melodie,Edbrooke,medbrookejk@craigslist.org,Female,208.206.187.91
706,Lola,Brane,lbranejl@domainmarket.com,Female,97.214.236.89
707,Ulrike,Twiddell,utwiddelljm@wikispaces.com,Female,119.16.238.251
708,Antony,Kellogg,akelloggjn@sohu.com,Male,151.84.27.152
709,Ferguson,Bruinsma,fbruinsmajo@stanford.edu,Male,176.245.161.24
710,Kinny,Fancutt,kfancuttjp@prlog.org,Male,10.1.74.191
711,Annmaria,Simister,asimisterjq@hatena.ne.jp,Female,140.9.223.44
712,Josiah,Zisneros,jzisnerosjr@cmu.edu,Male,39.79.155.164
713,Tova,de Villier,tdevillierjs@taobao.com,Female,5.128.150.242
714,Marcela,Auckland,maucklandjt@livejournal.com,Female,220.144.184.20
715,Jakob,Begent,jbegentju@sciencedirect.com,Male,162.88.134.100
716,Niccolo,Lesaunier,nlesaunierjv@jigsy.com,Male,212.233.109.99
717,Gaston,Allender,gallenderjw@answers.com,Male,195.185.70.142
718,Willdon,Crotch,wcrotchjx@digg.com,Male,28.231.223.45
719,Lothaire,Mazzia,lmazziajy@wikipedia.org,Male,159.236.233.172
720,Mozes,Grollmann,mgrollmannjz@phpbb.com,Male,100.39.97.215
721,Erastus,Harrinson,eharrinsonk0@omniture.com,Male,121.135.246.184
722,Alex,Arnaez,aarnaezk1@ebay.co.uk,Male,180.191.10.48
723,Ken,Bain,kbaink2@businesswire.com,Male,94.98.137.71
724,Christoforo,Blacklawe,cblacklawek3@cocolog-nifty.com,Male,27.204.226.43
725,Chaunce,McAuslan,cmcauslank4@wiley.com,Male,203.173.144.188
726,Ivory,Drust,idrustk5@nhs.uk,Female,151.51.86.7
727,Bard,Batcheldor,bbatcheldork6@hatena.ne.jp,Male,92.53.168.128
728,Jan,Cosgrave,jcosgravek7@posterous.com,Male,58.31.131.197
729,Darsie,Baldrey,dbaldreyk8@sina.com.cn,Female,148.127.223.165
730,Boigie,O'Callaghan,bocallaghank9@canalblog.com,Male,12.216.236.230
731,Katinka,Duesberry,kduesberryka@ask.com,Polygender,44.205.145.250
732,Alfonso,Trask,atraskkb@pcworld.com,Male,146.96.135.177
733,Stesha,Skeermor,sskeermorkc@e-recht24.de,Female,22.17.237.62
734,Waverly,Finan,wfinankd@ezinearticles.com,Male,84.132.242.143
735,Flinn,Sennett,fsennettke@flickr.com,Male,194.20.55.108
736,Kylen,Kahn,kkahnkf@gravatar.com,Female,68.75.182.175
737,Tressa,Yurygyn,tyurygynkg@about.com,Female,199.231.214.76
738,Tremayne,Liverock,tliverockkh@alexa.com,Male,238.146.43.74
739,Derward,Alishoner,dalishonerki@so-net.ne.jp,Male,86.203.182.38
740,Marc,Luther,mlutherkj@geocities.com,Male,94.185.3.228
741,Romy,Faulkener,rfaulkenerkk@weather.com,Female,90.160.197.197
742,Merilyn,Ladyman,mladymankl@amazon.co.jp,Female,57.68.146.179
743,Kelby,Deane,kdeanekm@istockphoto.com,Male,134.0.51.142
744,Ally,Ingley,aingleykn@digg.com,Female,116.12.73.198
745,Hort,Eustes,heustesko@nasa.gov,Male,117.3.230.205
746,Padraig,Traise,ptraisekp@blogspot.com,Male,139.70.126.1
747,Chrotoem,Thoresbie,cthoresbiekq@nifty.com,Male,239.255.7.122
748,Neal,Wadlow,nwadlowkr@netscape.com,Male,31.75.92.55
749,Vinny,Norcott,vnorcottks@bravesites.com,Female,26.244.254.9
750,Brock,Perez,bperezkt@yandex.ru,Male,101.217.84.5
751,Merl,Shorthill,mshorthillku@mtv.com,Female,196.74.202.171
752,Phillipe,Coddrington,pcoddringtonkv@pbs.org,Male,150.38.16.147
753,Dimitry,Simionescu,dsimionescukw@cloudflare.com,Male,105.133.106.139
754,Thorvald,Hakonsson,thakonssonkx@google.cn,Male,229.198.73.172
755,Reggy,Reeks,rreeksky@pagesperso-orange.fr,Male,191.252.232.201
756,Rhoda,Heersema,rheersemakz@delicious.com,Female,27.175.229.253
757,April,Kelshaw,akelshawl0@indiegogo.com,Female,13.135.120.127
758,Adolf,Simms,asimmsl1@zdnet.com,Male,164.10.204.201
759,Carmine,Bewicke,cbewickel2@g.co,Male,96.2.180.40
760,Nikoletta,Monnery,nmonneryl3@bandcamp.com,Female,35.55.19.12
761,Bobbye,Hawking,bhawkingl4@nydailynews.com,Female,39.75.41.245
762,Lia,Bartoloma,lbartolomal5@google.ru,Female,10.163.158.134
763,Abdul,Stockau,astockaul6@nationalgeographic.com,Male,243.72.65.237
764,Nonah,Burland,nburlandl7@hibu.com,Female,191.206.1.28
765,Blondell,Blockey,bblockeyl8@dailymotion.com,Female,216.24.149.17
766,Christiana,Dunhill,cdunhilll9@vistaprint.com,Female,26.93.45.21
767,Fannie,Besantie,fbesantiela@unesco.org,Female,1.145.13.38
768,Eugenius,Dunstan,edunstanlb@g.co,Male,128.56.109.136
769,Sumner,Janczak,sjanczaklc@simplemachines.org,Male,212.189.94.112
770,Gail,Kemmish,gkemmishld@usa.gov,Female,86.43.73.81
771,Charita,Goulden,cgouldenle@fotki.com,Female,47.4.200.0
772,Agace,Ellerbeck,aellerbecklf@parallels.com,Female,228.184.169.179
773,Claudine,Cowey,ccoweylg@house.gov,Female,151.77.102.9
774,Marco,Steet,msteetlh@ocn.ne.jp,Male,104.176.13.157
775,Stanleigh,Penhaligon,spenhaligonli@latimes.com,Male,192.18.159.189
776,Gage,Fydoe,gfydoelj@lycos.com,Male,224.3.63.237
777,Lazare,Gladwin,lgladwinlk@mtv.com,Male,79.37.97.76
778,Nick,Hadeke,nhadekell@abc.net.au,Male,209.69.35.232
779,Jodi,O'Sherin,josherinlm@mayoclinic.com,Male,176.98.31.25
780,Sebastian,Paulin,spaulinln@adobe.com,Male,28.176.209.196
781,Des,Beert,dbeertlo@youtube.com,Male,239.70.249.81
782,Eveline,Netting,enettinglp@europa.eu,Female,220.72.190.80
783,Abey,Rugge,aruggelq@hibu.com,Male,199.132.121.207
784,Margalo,Causnett,mcausnettlr@whitehouse.gov,Female,154.73.150.99
785,Neala,Bynert,nbynertls@sogou.com,Female,225.168.61.56
786,Loise,Strickett,lstrickettlt@state.tx.us,Female,137.30.169.243
787,Beatrice,Bow,bbowlu@yellowbook.com,Female,153.0.176.177
788,Tabor,Fyldes,tfyldeslv@pbs.org,Male,65.39.55.37
789,Elaina,Wass,ewasslw@prnewswire.com,Female,136.72.22.155
790,Crawford,Sewell,csewelllx@adobe.com,Male,137.233.120.176
791,Hammad,Cahillane,hcahillanely@earthlink.net,Male,217.55.107.13
792,Cass,Beardall,cbeardalllz@latimes.com,Male,169.13.186.170
793,Urbain,Reymers,ureymersm0@nhs.uk,Male,87.28.25.243
794,Inness,Fawbert,ifawbertm1@xinhuanet.com,Male,179.87.193.159
795,Rob,Baldinotti,rbaldinottim2@cyberchimps.com,Male,93.114.100.249
796,Leslie,Zuanelli,lzuanellim3@arstechnica.com,Male,12.207.40.24
797,Garnette,Wilsdon,gwilsdonm4@jigsy.com,Non-binary,202.219.164.85
798,Broderick,Theakston,btheakstonm5@engadget.com,Polygender,218.217.121.177
799,Alford,Filippucci,afilippuccim6@over-blog.com,Male,246.50.86.120
800,Elissa,MacNish,emacnishm7@canalblog.com,Female,167.141.163.136
801,Thacher,Honatsch,thonatschm8@woothemes.com,Genderfluid,200.163.79.153
802,Joanne,Hutchence,jhutchencem9@arizona.edu,Genderfluid,163.77.7.152
803,Iolande,Chatenet,ichatenetma@geocities.com,Female,69.189.10.128
804,Johna,Swindlehurst,jswindlehurstmb@xinhuanet.com,Female,115.82.68.47
805,Julio,Behrens,jbehrensmc@xrea.com,Male,213.128.196.62
806,Arlan,Dauber,adaubermd@businesswire.com,Male,242.158.96.238
807,Adelina,Godain,agodainme@mapy.cz,Female,56.220.243.201
808,Thatcher,Chesnut,tchesnutmf@gov.uk,Male,212.6.18.173
809,Lynnett,Yakushkin,lyakushkinmg@reuters.com,Female,225.196.37.229
810,Corrine,Dannehl,cdannehlmh@wsj.com,Female,223.147.209.28
811,Nicolai,Gogerty,ngogertymi@howstuffworks.com,Male,90.226.159.242
812,Johnathan,Carnaman,jcarnamanmj@youku.com,Male,219.113.73.26
813,Emmy,Binks,ebinksmk@oaic.gov.au,Male,190.221.150.109
814,Lise,Broune,lbrouneml@pagesperso-orange.fr,Genderqueer,168.122.64.118
815,Meridith,Gilardone,mgilardonemm@friendfeed.com,Agender,251.97.32.221
816,Marita,Tiler,mtilermn@lulu.com,Female,235.10.124.13
817,Stacie,Tire,stiremo@pinterest.com,Agender,67.155.77.96
818,Almeta,Coupe,acoupemp@theglobeandmail.com,Female,158.31.119.185
819,Pearl,Abley,pableymq@nature.com,Female,178.170.204.22
820,Jermaine,Akitt,jakittmr@devhub.com,Male,255.156.184.44
821,Dylan,McRavey,dmcraveyms@last.fm,Male,25.182.114.218
822,Tore,Diack,tdiackmt@google.com.br,Male,137.118.245.217
823,Raimondo,Gaddas,rgaddasmu@elegantthemes.com,Male,221.92.112.4
824,Ettie,Sarjant,esarjantmv@mac.com,Female,83.154.190.69
825,Tove,Chaudrelle,tchaudrellemw@e-recht24.de,Female,121.219.31.70
826,Corrie,Duffill,cduffillmx@fastcompany.com,Male,114.120.177.128
827,Sergeant,Maris,smarismy@usa.gov,Male,97.144.207.218
828,Harwilll,Gallant,hgallantmz@github.io,Male,144.151.14.68
829,David,Haysar,dhaysarn0@cam.ac.uk,Male,35.85.97.225
830,Willy,Camplin,wcamplinn1@friendfeed.com,Male,51.110.155.88
831,Kim,Wand,kwandn2@istockphoto.com,Polygender,13.195.64.210
832,Bevvy,Flather,bflathern3@mapquest.com,Polygender,177.199.132.207
833,Nathalie,Benbow,nbenbown4@google.com,Female,89.139.58.239
834,Olwen,Lidgett,olidgettn5@ovh.net,Agender,26.102.238.234
835,Jacquenetta,Swash,jswashn6@tripod.com,Female,68.206.182.239
836,Janeczka,Glanz,jglanzn7@bloglines.com,Bigender,96.60.63.1
837,Silvano,Message,smessagen8@infoseek.co.jp,Male,205.22.201.151
838,Loralee,Killingworth,lkillingworthn9@java.com,Non-binary,78.237.30.134
839,Loutitia,Grenfell,lgrenfellna@stumbleupon.com,Female,95.17.39.158
840,Luelle,Eads,leadsnb@accuweather.com,Female,18.64.100.227
841,Berri,Morant,bmorantnc@slashdot.org,Female,103.71.3.83
842,Larry,Brabbs,lbrabbsnd@163.com,Male,216.236.25.89
843,Pacorro,Giraudeau,pgiraudeaune@geocities.com,Male,22.120.119.145
844,Eb,aManger,eamangernf@google.com.au,Male,4.141.2.200
845,Betsey,Roalfe,broalfeng@si.edu,Female,39.98.220.145
846,Robert,Grancher,rgranchernh@drupal.org,Male,134.55.75.57
847,Fernanda,Temby,ftembyni@wired.com,Agender,245.215.103.223
848,Ransom,Espinho,respinhonj@people.com.cn,Agender,145.159.237.134
849,Ambrosius,Whyffen,awhyffennk@accuweather.com,Male,44.83.202.153
850,Bathsheba,Finlow,bfinlownl@slideshare.net,Female,220.129.169.93
851,Cort,Palia,cpalianm@sphinn.com,Male,134.175.149.115
852,Lenci,Larder,llardernn@imdb.com,Male,81.17.45.185
853,Nelli,Hallgath,nhallgathno@yolasite.com,Female,168.64.141.1
854,Deanna,Cleminson,dcleminsonnp@goo.gl,Female,202.33.236.130
855,Leticia,Barker,lbarkernq@army.mil,Female,198.70.128.13
856,Darci,Keneford,dkenefordnr@zdnet.com,Female,240.10.151.244
857,Eduardo,Barti,ebartins@yahoo.co.jp,Male,185.194.193.204
858,Abbot,Exter,aexternt@ted.com,Male,252.121.219.98
859,Bailie,Chippin,bchippinnu@merriam-webster.com,Male,238.169.187.250
860,Daphna,Fundell,dfundellnv@harvard.edu,Female,171.98.16.186
861,Antonie,Deverall,adeverallnw@cbsnews.com,Female,17.12.70.39
862,Ashely,Stolberger,astolbergernx@flickr.com,Female,158.155.254.186
863,Gerti,Drinkhall,gdrinkhallny@cnet.com,Female,223.59.6.127
864,Gawain,Blinder,gblindernz@admin.ch,Male,152.118.36.210
865,Judi,Boucher,jbouchero0@goo.gl,Female,99.216.56.192
866,Hector,Grindley,hgrindleyo1@unesco.org,Male,243.114.105.149
867,Julie,De Filippi,jdefilippio2@symantec.com,Male,22.30.139.33
868,Vivianne,Grzesiewicz,vgrzesiewiczo3@ted.com,Female,48.182.159.40
869,Trisha,Corhard,tcorhardo4@woothemes.com,Female,27.63.181.30
870,Bab,Robbings,brobbingso5@ucsd.edu,Female,157.190.4.126
871,Milena,Fabbro,mfabbroo6@senate.gov,Female,221.150.96.69
872,Fallon,Greneham,fgrenehamo7@reference.com,Female,96.237.220.124
873,Marchall,Yeoman,myeomano8@paginegialle.it,Non-binary,195.188.52.40
874,Aguste,Grisdale,agrisdaleo9@amazon.co.jp,Male,239.42.251.147
875,Eulalie,Pavolini,epavolinioa@soundcloud.com,Female,73.149.152.159
876,Cedric,Giovannoni,cgiovannoniob@e-recht24.de,Male,111.186.186.70
877,Seana,Aldwinckle,saldwinckleoc@google.fr,Female,54.32.164.81
878,Jewell,Shepcutt,jshepcuttod@berkeley.edu,Female,21.172.115.96
879,Julita,Mullarkey,jmullarkeyoe@t.co,Female,92.126.82.3
880,Tamarra,Kefford,tkeffordof@trellian.com,Female,93.113.85.206
881,Evered,Abramovitch,eabramovitchog@dot.gov,Agender,93.149.129.173
882,Ruddie,Rieger,rriegeroh@guardian.co.uk,Male,213.247.93.186
883,Jourdain,Kitchenham,jkitchenhamoi@google.nl,Male,237.97.133.103
884,Brittan,Cyster,bcysteroj@a8.net,Female,110.51.145.229
885,Andreas,Burlay,aburlayok@eepurl.com,Male,235.34.230.0
886,Konstantin,Schukraft,kschukraftol@apple.com,Agender,237.213.169.213
887,Sherwood,Benian,sbenianom@addthis.com,Male,11.106.43.63
888,Cristal,Isitt,cisitton@biblegateway.com,Female,165.47.130.26
889,Jessalin,Stoute,jstouteoo@ow.ly,Female,67.70.178.42
890,Jorie,Braferton,jbrafertonop@buzzfeed.com,Female,210.10.125.251
891,Walther,Houliston,whoulistonoq@economist.com,Male,157.54.42.235
892,Herby,Merrikin,hmerrikinor@narod.ru,Male,20.229.184.248
893,Bekki,Littlemore,blittlemoreos@furl.net,Female,220.42.148.73
894,Eberto,Creddon,ecreddonot@vimeo.com,Male,147.245.67.159
895,Hedwig,Cowans,hcowansou@reference.com,Female,237.205.123.65
896,Sutherland,Gebbe,sgebbeov@rakuten.co.jp,Male,179.127.33.221
897,Jens,Bartolini,jbartoliniow@ibm.com,Male,182.77.67.18
898,Bartie,Allery,balleryox@youku.com,Male,65.117.160.160
899,Bil,Scamwell,bscamwelloy@opera.com,Non-binary,24.9.164.60
900,Chrysa,Joncic,cjoncicoz@uiuc.edu,Female,195.232.21.71
901,Aviva,Lambourne,alambournep0@who.int,Female,117.102.148.164
902,Gabriela,Durnford,gdurnfordp1@tripadvisor.com,Female,100.140.141.114
903,Brew,Sturgis,bsturgisp2@slate.com,Male,81.177.201.148
904,Margot,Kusick,mkusickp3@theatlantic.com,Female,43.71.111.23
905,Deane,Hinze,dhinzep4@homestead.com,Male,46.29.148.81
906,Moshe,Humpherson,mhumphersonp5@princeton.edu,Male,82.94.120.43
907,Stanford,Glacken,sglackenp6@example.com,Male,231.120.198.153
908,Marlie,Brandel,mbrandelp7@last.fm,Female,181.47.18.95
909,Pepito,Merrifield,pmerrifieldp8@miibeian.gov.cn,Male,225.221.107.191
910,Sophey,Sykes,ssykesp9@hexun.com,Female,51.72.247.240
911,Bobbie,Slaten,bslatenpa@aol.com,Female,83.253.125.129
912,Liv,Northway,lnorthwaypb@nih.gov,Female,111.244.59.32
913,Shaina,Pylkynyton,spylkynytonpc@paginegialle.it,Female,102.141.154.27
914,Kimmy,Cartmail,kcartmailpd@furl.net,Female,108.172.97.61
915,Granny,Kiddye,gkiddyepe@about.com,Male,250.247.16.198
916,Dieter,Nern,dnernpf@uol.com.br,Male,50.213.182.230
917,Patrica,Batha,pbathapg@merriam-webster.com,Female,139.210.133.33
918,Ibby,Van Velden,ivanveldenph@mail.ru,Female,24.4.221.224
919,Ardra,Flew,aflewpi@nymag.com,Female,47.133.5.120
920,Lorianne,Wheater,lwheaterpj@skype.com,Female,152.76.237.97
921,Mahala,Gebb,mgebbpk@alexa.com,Female,232.80.173.47
922,Kennan,McIllroy,kmcillroypl@google.cn,Genderqueer,151.178.43.128
923,Chrissie,Shorthouse,cshorthousepm@japanpost.jp,Male,171.176.114.25
924,Gun,Cantero,gcanteropn@wikispaces.com,Male,14.173.38.114
925,Chadwick,Rusbridge,crusbridgepo@typepad.com,Male,86.240.227.45
926,Adelina,Bellie,abelliepp@ning.com,Female,211.188.163.130
927,Nanete,Trevaskiss,ntrevaskisspq@1688.com,Female,44.73.63.43
928,Kaja,Vanstone,kvanstonepr@imageshack.us,Female,113.28.255.154
929,Bert,Outright,boutrightps@dyndns.org,Female,11.216.41.175
930,Renee,Bewsey,rbewseypt@gizmodo.com,Female,248.111.136.96
931,Mag,Giacopello,mgiacopellopu@facebook.com,Female,204.151.251.220
932,Corbett,Warlowe,cwarlowepv@pen.io,Male,255.70.40.194
933,Benetta,Thornally,bthornallypw@studiopress.com,Female,172.203.249.5
934,Aaron,MacCallum,amaccallumpx@bing.com,Male,81.238.173.71
935,Rik,Filewood,rfilewoodpy@istockphoto.com,Male,86.124.32.54
936,Leanora,Huntar,lhuntarpz@state.gov,Female,125.160.166.83
937,Micheil,Cheyne,mcheyneq0@oakley.com,Male,104.149.206.19
938,Virgina,Akenhead,vakenheadq1@drupal.org,Female,128.228.177.6
939,Florentia,Bashford,fbashfordq2@wix.com,Female,83.90.239.233
940,Marv,Parlor,mparlorq3@mail.ru,Male,171.250.118.29
941,Lou,Hoys,lhoysq4@qq.com,Female,244.68.220.234
942,Graig,Girdler,ggirdlerq5@prlog.org,Male,198.168.46.65
943,Mill,Edser,medserq6@eventbrite.com,Male,49.19.68.34
944,Nevil,Shearsby,nshearsbyq7@qq.com,Male,143.250.13.67
945,Kennie,Molfino,kmolfinoq8@usnews.com,Male,120.46.200.254
946,Tessie,Crewes,tcrewesq9@histats.com,Female,49.57.138.81
947,Chiarra,Cutts,ccuttsqa@techcrunch.com,Female,252.181.55.217
948,Lilla,Edgson,ledgsonqb@ezinearticles.com,Female,238.226.65.224
949,Hector,Romayne,hromayneqc@wiley.com,Male,26.200.138.52
950,Jannelle,Semmens,jsemmensqd@yale.edu,Female,34.106.193.124
951,Orbadiah,Grime,ogrimeqe@telegraph.co.uk,Male,139.95.25.86
952,Nikaniki,Beak,nbeakqf@vinaora.com,Female,168.245.216.179
953,Thayne,Horsfield,thorsfieldqg@slideshare.net,Male,249.122.27.21
954,Julius,Pyett,jpyettqh@etsy.com,Male,243.158.107.219
955,Gwenora,Hillyatt,ghillyattqi@weebly.com,Female,243.184.246.72
956,Verney,Ryott,vryottqj@whitehouse.gov,Male,57.70.28.225
957,Obidiah,Mingasson,omingassonqk@adobe.com,Male,29.228.111.209
958,Cecilla,McElrea,cmcelreaql@deliciousdays.com,Female,109.31.88.145
959,Susette,Laise,slaiseqm@123-reg.co.uk,Female,100.68.255.23
960,Delaney,Campling,dcamplingqn@admin.ch,Male,163.192.61.214
961,Mellisa,Povey,mpoveyqo@eepurl.com,Female,5.61.205.52
962,Milena,Lawlance,mlawlanceqp@weebly.com,Female,112.163.12.76
963,Gladys,Bradburne,gbradburneqq@wsj.com,Female,250.55.82.67
964,Werner,Bowmaker,wbowmakerqr@newyorker.com,Male,223.109.105.231
965,Amy,Kasparski,akasparskiqs@quantcast.com,Female,161.59.73.161
966,Marcelle,Mucillo,mmucilloqt@home.pl,Female,168.25.242.81
967,Randolf,Klamman,rklammanqu@youtube.com,Male,154.45.114.113
968,Bella,Klugel,bklugelqv@myspace.com,Female,8.54.73.247
969,Elston,MacBain,emacbainqw@illinois.edu,Male,80.89.237.221
970,Lammond,Bortolutti,lbortoluttiqx@mit.edu,Male,225.144.158.16
971,Bartie,Dabnot,bdabnotqy@dion.ne.jp,Male,58.127.85.172
972,Titus,Peddersen,tpeddersenqz@seattletimes.com,Male,173.93.43.119
973,Trumann,Brittoner,tbrittonerr0@simplemachines.org,Male,47.30.99.175
974,Ashlie,Spoole,aspooler1@ted.com,Female,22.216.194.99
975,Fonz,Nisius,fnisiusr2@cbc.ca,Male,50.185.71.36
976,Harp,Kenyam,hkenyamr3@theatlantic.com,Male,214.196.146.98
977,Roze,Reboulet,rrebouletr4@cnbc.com,Female,232.71.66.112
978,Gipsy,Bolmann,gbolmannr5@army.mil,Female,108.141.144.231
979,Jdavie,Rosson,jrossonr6@cyberchimps.com,Male,164.140.208.40
980,Bel,Icke,bicker7@fotki.com,Female,42.141.115.117
981,Wheeler,Liptrot,wliptrotr8@wix.com,Male,72.205.121.4
982,Hurlee,Swaddle,hswaddler9@economist.com,Male,112.9.227.139
983,Ciel,Mossman,cmossmanra@gizmodo.com,Female,33.110.242.176
984,Del,Dunmuir,ddunmuirrb@barnesandnoble.com,Male,175.71.174.168
985,Benny,Dightham,bdighthamrc@sphinn.com,Female,211.218.78.34
986,Jorgan,Pagin,jpaginrd@netscape.com,Male,0.204.98.119
987,Stormie,Fendt,sfendtre@elegantthemes.com,Female,71.234.50.129
988,Griswold,Hayford,ghayfordrf@woothemes.com,Male,224.175.20.90
989,Norrie,Pachmann,npachmannrg@apache.org,Female,121.239.164.195
990,Pierce,Ironmonger,pironmongerrh@yahoo.co.jp,Non-binary,135.96.33.121
991,Sandra,Hillburn,shillburnri@seattletimes.com,Female,75.240.188.85
992,April,Appleyard,aappleyardrj@discuz.net,Genderfluid,187.3.126.116
993,Darcey,O'Currigan,docurriganrk@google.de,Non-binary,102.191.28.4
994,Arri,Grut,agrutrl@naver.com,Male,118.32.105.147
995,Cristabel,Tallquist,ctallquistrm@wp.com,Female,72.30.206.79
996,Tait,Pestricke,tpestrickern@scientificamerican.com,Male,21.60.54.68
997,Durante,Studders,dstuddersro@networkadvertising.org,Male,213.101.106.165
998,Bellina,Arnold,barnoldrp@nasa.gov,Female,27.238.155.152
999,Hussein,Keays,hkeaysrq@wunderground.com,Male,26.98.76.34
1000,Laetitia,Goodee,lgoodeerr@addthis.com,Female,196.181.105.72
