id,first_name,last_name,email,gender,ip_address
1,Kara-lynn,Coite,kcoite0@newyorker.com,Female,177.65.239.3
2,Chadwick,Dunston,cdunston1@webnode.com,Male,224.133.210.159
3,Weber,Masterton,wmasterton2@omniture.com,Male,152.46.153.99
4,Tisha,Fairfull,tfairfull3@e-recht24.de,Female,27.176.204.77
5,Tallulah,Lindenboim,tlindenboim4@ow.ly,Female,83.21.125.248
6,Agnella,Keemar,akeemar5@umich.edu,Female,218.24.86.181
7,Ashlan,Domsalla,adomsalla6@myspace.com,Female,152.112.130.253
8,Humbert,Macak,hmacak7@51.la,Male,103.112.48.214
9,Percy,Achurch,pachurch8@etsy.com,Male,153.182.84.63
10,Mortie,Aleksankov,maleksankov9@nyu.edu,Male,29.27.174.190
11,Jerri,Hynard,jhynarda@ed.gov,Male,111.179.30.227
12,Gaspar,Rosengart,grosengartb@cloudflare.com,Male,246.127.232.88
13,Janeczka,Tixier,jtixierc@mit.edu,Female,56.28.63.112
14,Imogen,Agastina,iagastinad@oakley.com,Female,50.245.97.99
15,Leonanie,Zellmer,lzellmere@time.com,Female,235.55.51.147
16,Letitia,Balaam,lbalaamf@seattletimes.com,Female,8.3.105.245
17,Cos,Coote,ccooteg@bigcartel.com,Male,12.45.97.225
18,Shoshana,Espinho,sespinhoh@bizjournals.com,Female,206.150.26.15
19,Brandon,Ainger,baingeri@g.co,Male,161.142.202.46
20,Caron,Ivanishev,civanishevj@tmall.com,Female,174.52.145.195
21,Rayner,Dearnly,rdearnlyk@creativecommons.org,Male,46.238.232.117
22,Ulrich,Pratley,upratleyl@forbes.com,Male,166.109.167.138
23,Hardy,Moverley,hmoverleym@e-recht24.de,Male,9.33.50.18
24,Russ,Arrell,rarrelln@psu.edu,Male,139.134.203.146
25,Katharina,Buckthought,kbuckthoughto@google.de,Female,251.198.74.213
26,Nessy,Nortunen,nnortunenp@histats.com,Female,37.102.219.88
27,Cece,Krzyzanowski,ckrzyzanowskiq@icio.us,Male,216.6.116.155
28,Evy,Chaim,echaimr@cornell.edu,Female,117.229.172.74
29,Rycca,Rubke,rrubkes@ucoz.com,Female,20.65.63.178
30,Ddene,Pitchford,dpitchfordt@w3.org,Female,233.34.151.44
31,Lu,Martusewicz,lmartusewiczu@networkadvertising.org,Female,145.109.22.86
32,Dynah,Toope,dtoopev@issuu.com,Female,216.124.139.243
33,Klemens,Esland,keslandw@upenn.edu,Male,52.90.213.76
34,Mignonne,Ludwikiewicz,mludwikiewiczx@prnewswire.com,Female,244.139.140.34
35,Renato,Nafzger,rnafzgery@sogou.com,Male,221.60.101.247
36,Aliza,Lukasen,alukasenz@spotify.com,Female,152.3.82.219
37,Barthel,De Giorgio,bdegiorgio10@prnewswire.com,Male,92.15.102.33
38,Giavani,Tames,gtames11@sciencedaily.com,Male,107.253.17.155
39,Davine,Balchen,dbalchen12@booking.com,Female,108.166.240.144
40,Herrick,Pollie,hpollie13@alexa.com,Male,247.62.6.125
41,Everard,Sheldon,esheldon14@dot.gov,Male,130.140.182.52
42,Krystyna,Ribeiro,kribeiro15@yelp.com,Female,168.48.53.87
43,Malorie,Domengue,mdomengue16@amazonaws.com,Female,230.202.247.195
44,Northrup,Mellonby,nmellonby17@imdb.com,Male,73.8.121.0
45,Monika,Judson,mjudson18@hud.gov,Female,181.28.104.122
46,Norah,Lathy,nlathy19@google.cn,Female,172.180.240.172
47,Werner,Cardon,wcardon1a@msu.edu,Male,25.255.119.198
48,Tymothy,Fowlston,tfowlston1b@xrea.com,Male,78.33.147.48
49,Fabiano,Sussems,fsussems1c@cyberchimps.com,Male,181.44.125.18
50,Rosamond,Lody,rlody1d@deviantart.com,Female,255.20.110.19
51,Sarene,Culter,sculter1e@sun.com,Female,48.7.236.179
52,Cherye,Tows,ctows1f@surveymonkey.com,Female,106.211.193.205
53,Ginnie,McMeyler,gmcmeyler1g@nytimes.com,Female,224.63.185.136
54,Gareth,Brailey,gbrailey1h@nasa.gov,Male,0.254.81.224
55,Gerhardine,Trasler,gtrasler1i@wunderground.com,Female,215.215.37.42
56,Margaretha,Spear,mspear1j@marriott.com,Female,139.0.181.192
57,Petey,Haskayne,phaskayne1k@arstechnica.com,Male,30.92.220.25
58,Devlen,Breheny,dbreheny1l@state.tx.us,Male,185.144.234.151
59,Amelia,Imeson,aimeson1m@hp.com,Female,166.192.52.57
60,Udall,Jessep,ujessep1n@pen.io,Male,229.101.167.75
61,Kamila,Helsdon,khelsdon1o@utexas.edu,Female,97.27.91.21
62,Bent,Hains,bhains1p@state.gov,Male,208.213.148.139
63,Allys,Barenskie,abarenskie1q@tamu.edu,Female,4.174.49.249
64,Star,Bloxsom,sbloxsom1r@gizmodo.com,Genderfluid,114.155.214.59
65,Kimberley,Esslement,kesslement1s@ftc.gov,Female,75.132.246.224
66,Nickola,Yankishin,nyankishin1t@dedecms.com,Male,142.208.221.71
67,Ancell,Maude,amaude1u@nydailynews.com,Male,159.129.12.227
68,Tobit,Ardron,tardron1v@wufoo.com,Male,52.241.139.139
69,Donnamarie,Bouller,dbouller1w@shutterfly.com,Female,138.140.234.177
70,Sherill,Hintze,shintze1x@tamu.edu,Genderfluid,181.84.60.111
71,Kalil,Lambard,klambard1y@soup.io,Bigender,241.211.159.34
72,Merilee,Hazelby,mhazelby1z@sakura.ne.jp,Female,28.163.175.255
73,Franchot,Loren,floren20@seesaa.net,Male,217.126.10.89
74,Wynn,Ishchenko,wishchenko21@ted.com,Male,136.144.76.237
75,Dusty,Narup,dnarup22@ted.com,Female,227.38.234.44
76,Domingo,Leavesley,dleavesley23@auda.org.au,Male,203.135.132.66
77,Alissa,Rennie,arennie24@va.gov,Female,246.138.99.95
78,Madalyn,Baxstair,mbaxstair25@is.gd,Female,102.155.172.82
79,Ethelbert,Lidell,elidell26@ask.com,Male,86.97.142.189
80,Julienne,Etienne,jetienne27@go.com,Female,62.69.132.99
81,Wolfie,Norley,wnorley28@aol.com,Male,45.40.208.231
82,Elke,Feathers,efeathers29@sun.com,Female,70.54.134.44
83,Camille,Denerley,cdenerley2a@hhs.gov,Agender,41.100.95.147
84,Wolfy,Grece,wgrece2b@domainmarket.com,Male,25.106.104.15
85,Laurice,Sarney,lsarney2c@cocolog-nifty.com,Female,68.246.105.238
86,Abie,Jeannot,ajeannot2d@goodreads.com,Male,97.114.246.58
87,Brand,Estick,bestick2e@berkeley.edu,Male,52.49.152.20
88,Blondie,Tolworth,btolworth2f@state.gov,Female,15.243.39.34
89,Windham,Philipet,wphilipet2g@qq.com,Male,18.229.166.149
90,Reggie,Angric,rangric2h@upenn.edu,Male,13.162.145.90
91,Robin,Ickov,rickov2i@e-recht24.de,Female,227.236.239.137
92,Dorolice,Deinhard,ddeinhard2j@dedecms.com,Female,205.127.164.74
93,Chaunce,Reddings,creddings2k@about.com,Male,35.5.74.70
94,Bernadina,Huikerby,bhuikerby2l@umich.edu,Polygender,68.39.52.161
95,Beniamino,Splain,bsplain2m@rakuten.co.jp,Male,6.42.104.205
96,Carlye,Braxton,cbraxton2n@bloglovin.com,Female,25.103.255.116
97,Cybill,Theaker,ctheaker2o@trellian.com,Female,53.216.88.12
98,Ebba,Morey,emorey2p@tripadvisor.com,Female,36.63.238.84
99,Stacee,Treuge,streuge2q@hatena.ne.jp,Male,59.170.223.220
100,Iorgo,Spira,ispira2r@ycombinator.com,Male,109.97.63.167
101,Colline,Eddicott,ceddicott2s@ucsd.edu,Female,120.39.68.185
102,Patrice,Sagg,psagg2t@mapy.cz,Male,253.118.178.151
103,Quentin,Very,qvery2u@toplist.cz,Female,32.99.255.18
104,Ulric,Walch,uwalch2v@tripadvisor.com,Male,156.61.102.226
105,Marybeth,Phippin,mphippin2w@oaic.gov.au,Female,158.12.234.22
106,Hewe,McKinie,hmckinie2x@theglobeandmail.com,Male,246.233.176.143
107,Noell,Baelde,nbaelde2y@nsw.gov.au,Female,54.16.141.38
108,Michelina,Frawley,mfrawley2z@utexas.edu,Female,144.175.255.183
109,Shandeigh,Jockle,sjockle30@slate.com,Female,226.133.218.210
110,Joel,Simanek,jsimanek31@dmoz.org,Male,122.234.174.151
111,Gypsy,Mayho,gmayho32@prnewswire.com,Female,224.89.139.239
112,Mal,Millen,mmillen33@hexun.com,Male,150.90.169.120
113,Carlie,Lanston,clanston34@exblog.jp,Female,176.79.242.124
114,Michel,Phoebe,mphoebe35@reuters.com,Female,200.194.154.235
115,Sheff,Saywood,ssaywood36@barnesandnoble.com,Male,217.255.40.75
116,Hy,Rawe,hrawe37@domainmarket.com,Male,212.89.245.131
117,Brianna,Ludlow,bludlow38@sfgate.com,Female,48.170.74.152
118,Shelia,Downes,sdownes39@barnesandnoble.com,Female,237.24.206.62
119,Lusa,Riddett,lriddett3a@bravesites.com,Non-binary,157.30.155.25
120,Jecho,Canton,jcanton3b@seattletimes.com,Male,114.183.192.157
121,Tedra,Mussettini,tmussettini3c@creativecommons.org,Female,255.93.209.32
122,Camella,Brass,cbrass3d@chicagotribune.com,Female,59.88.230.167
123,Malia,Bourdas,mbourdas3e@washingtonpost.com,Female,222.41.247.227
124,Benedetto,Espinola,bespinola3f@fastcompany.com,Male,242.48.217.202
125,Doretta,Edgin,dedgin3g@eventbrite.com,Female,7.78.85.34
126,Malory,MacColm,mmaccolm3h@163.com,Female,85.144.182.202
127,Cristionna,Reeson,creeson3i@123-reg.co.uk,Female,81.230.86.73
128,Cullie,Behr,cbehr3j@cdbaby.com,Male,104.82.40.227
129,Elvyn,Schoales,eschoales3k@over-blog.com,Male,198.148.153.53
130,Flo,Moreman,fmoreman3l@stanford.edu,Female,153.193.71.200
131,Abbie,Mancer,amancer3m@webmd.com,Female,254.169.98.80
132,Consuela,Moiser,cmoiser3n@huffingtonpost.com,Female,3.38.199.116
133,Bartholemy,Mabbot,bmabbot3o@lulu.com,Male,178.179.212.185
134,Rodrick,Phillips,rphillips3p@simplemachines.org,Male,13.75.212.254
135,Lillis,Shipman,lshipman3q@wunderground.com,Female,159.255.162.12
136,Pall,Kingswoode,pkingswoode3r@chicagotribune.com,Male,31.99.178.185
137,Constantia,Havik,chavik3s@biglobe.ne.jp,Female,210.31.176.178
138,Martino,Harwell,mharwell3t@artisteer.com,Male,122.17.147.253
139,Sully,Badini,sbadini3u@utexas.edu,Polygender,245.191.57.34
140,Jermaine,Ringe,jringe3v@gizmodo.com,Male,226.100.173.23
141,Evyn,Battersby,ebattersby3w@army.mil,Genderfluid,123.130.186.240
142,Sam,McGragh,smcgragh3x@edublogs.org,Male,40.38.148.216
143,Eunice,Moehler,emoehler3y@wikipedia.org,Female,239.37.75.161
144,Amaleta,Warland,awarland3z@umich.edu,Female,241.82.129.9
145,Shandy,Jaquemar,sjaquemar40@jugem.jp,Female,96.114.165.169
146,Hinda,Ruegg,hruegg41@ning.com,Female,220.143.74.134
147,Jennee,Darragh,jdarragh42@howstuffworks.com,Agender,177.95.164.223
148,Bonni,Eacott,beacott43@who.int,Female,230.244.152.76
149,Wash,Shrive,wshrive44@prlog.org,Male,226.90.57.172
150,Noe,Bunford,nbunford45@army.mil,Male,13.65.209.122
151,Angus,Verman,averman46@behance.net,Non-binary,57.120.228.131
152,Marlyn,Oag,moag47@aol.com,Female,210.136.198.161
153,Elenore,Fletham,efletham48@twitter.com,Female,25.88.241.69
154,Silvana,Pinnijar,spinnijar49@uol.com.br,Female,49.18.131.184
155,Harmon,Gajownik,hgajownik4a@hugedomains.com,Male,126.46.202.26
156,Micheline,Trow,mtrow4b@flickr.com,Female,212.30.153.253
157,Gayle,Drable,gdrable4c@wufoo.com,Male,246.180.17.100
158,Michaeline,Colquyte,mcolquyte4d@google.com.br,Genderqueer,181.83.191.176
159,Yorke,Medley,ymedley4e@google.cn,Male,203.113.89.46
160,Helsa,Hassin,hhassin4f@unblog.fr,Female,91.173.173.167
161,Ivar,Dungey,idungey4g@fda.gov,Male,70.124.170.35
162,Zachery,Egginton,zegginton4h@nih.gov,Genderqueer,246.235.170.184
163,Licha,Maddrell,lmaddrell4i@weather.com,Female,90.18.58.57
164,Devin,Candelin,dcandelin4j@sciencedirect.com,Male,133.93.163.70
165,Adriano,Warlock,awarlock4k@ameblo.jp,Male,48.134.80.76
166,Guinevere,Harmant,gharmant4l@ebay.com,Polygender,202.14.28.206
167,Normie,Harrowell,nharrowell4m@sogou.com,Male,189.223.100.57
168,Ricky,Syder,rsyder4n@parallels.com,Male,53.255.158.193
169,Suzi,Marlin,smarlin4o@51.la,Female,110.188.92.117
170,Gael,Allberry,gallberry4p@hibu.com,Female,116.180.93.53
171,Bibbie,Hyrons,bhyrons4q@mozilla.org,Female,181.90.2.67
172,Ambrose,Gilffilland,agilffilland4r@msu.edu,Male,21.63.83.231
173,Orren,Leedal,oleedal4s@tinyurl.com,Male,255.222.93.88
174,Henryetta,Janzen,hjanzen4t@salon.com,Female,166.103.150.2
175,Bobbye,Newbegin,bnewbegin4u@dropbox.com,Female,64.245.180.181
176,Alasteir,Filasov,afilasov4v@ifeng.com,Male,129.99.26.219
177,Brita,Coddrington,bcoddrington4w@goo.gl,Female,153.191.198.214
178,Dayle,Dadswell,ddadswell4x@soup.io,Female,184.49.193.215
179,Gustaf,Okey,gokey4y@soundcloud.com,Male,22.118.92.127
180,Shara,Petri,spetri4z@livejournal.com,Female,180.251.225.153
181,Jasmine,Du Barry,jdubarry50@webeden.co.uk,Female,142.214.12.239
182,Almeta,Haglington,ahaglington51@indiatimes.com,Female,135.121.28.144
183,Nancie,Janzen,njanzen52@craigslist.org,Female,131.92.55.107
184,Ninette,Stud,nstud53@bluehost.com,Non-binary,199.2.112.53
185,Rutherford,Lynnett,rlynnett54@bloomberg.com,Non-binary,131.50.172.59
186,Claudie,Itzkov,citzkov55@dailymotion.com,Female,227.248.10.171
187,Ulrich,Winfield,uwinfield56@people.com.cn,Male,161.163.25.112
188,Solly,Jaspar,sjaspar57@blogspot.com,Male,153.169.66.18
189,Waldon,Syseland,wsyseland58@wikispaces.com,Male,50.65.217.42
190,Katine,Tickner,ktickner59@multiply.com,Female,189.15.66.108
191,Betti,Bigg,bbigg5a@sfgate.com,Female,174.150.22.19
192,Lexis,Gaydon,lgaydon5b@hostgator.com,Female,158.119.94.92
193,Melba,Dotson,mdotson5c@drupal.org,Female,249.57.156.182
194,Clarke,Cuffin,ccuffin5d@constantcontact.com,Male,156.200.237.52
195,Melodee,Blamires,mblamires5e@163.com,Female,155.4.231.187
196,Rodolfo,Nutley,rnutley5f@forbes.com,Male,127.91.196.3
197,Dewain,Meckiff,dmeckiff5g@dion.ne.jp,Male,231.85.20.38
198,L;urette,Benini,lbenini5h@scientificamerican.com,Female,216.189.226.53
199,Hilarius,Cochet,hcochet5i@symantec.com,Genderfluid,7.59.248.147
200,Arch,Baxster,abaxster5j@addtoany.com,Male,249.192.227.38
201,Abbye,Ridge,aridge5k@cocolog-nifty.com,Female,150.90.229.147
202,Miriam,McKew,mmckew5l@elpais.com,Female,45.80.26.82
203,Hoyt,Checcuzzi,hcheccuzzi5m@cam.ac.uk,Male,22.128.213.167
204,Darlleen,Woodlands,dwoodlands5n@yahoo.co.jp,Female,116.227.198.125
205,Teri,Flintuff,tflintuff5o@vimeo.com,Female,254.37.111.50
206,Kizzee,Templeton,ktempleton5p@simplemachines.org,Female,239.93.52.176
207,Cory,Sunnex,csunnex5q@nationalgeographic.com,Male,118.118.90.125
208,Drud,McCuffie,dmccuffie5r@diigo.com,Male,251.235.238.48
209,Pepito,Whelpton,pwhelpton5s@topsy.com,Male,135.10.139.152
210,Melosa,Jannasch,mjannasch5t@de.vu,Female,68.32.151.36
211,Marice,Farfolomeev,mfarfolomeev5u@rambler.ru,Female,155.24.103.62
212,Clemmy,Charker,ccharker5v@themeforest.net,Male,48.140.213.218
213,Klemens,Maynell,kmaynell5w@deviantart.com,Male,123.102.207.173
214,Willdon,Grinaugh,wgrinaugh5x@utexas.edu,Male,117.114.39.141
215,Kale,McElroy,kmcelroy5y@wufoo.com,Male,87.143.145.102
216,Kirsti,Loos,kloos5z@mozilla.org,Female,84.193.131.137
217,Bear,Tovey,btovey60@purevolume.com,Male,164.121.121.142
218,Billy,Nettleship,bnettleship61@smh.com.au,Male,120.208.194.165
219,Vivien,Crees,vcrees62@abc.net.au,Female,147.241.213.206
220,Arliene,Conibear,aconibear63@technorati.com,Agender,242.75.19.185
221,Guendolen,Wawer,gwawer64@quantcast.com,Bigender,122.179.25.9
222,Borg,Littlechild,blittlechild65@jalbum.net,Male,22.152.235.192
223,Sully,Twede,stwede66@blogtalkradio.com,Male,38.252.219.212
224,Sib,Neggrini,sneggrini67@yahoo.co.jp,Female,94.37.5.79
225,Berenice,Dalston,bdalston68@dagondesign.com,Female,37.236.82.225
226,Levon,Buswell,lbuswell69@disqus.com,Male,30.141.68.225
227,Waiter,Gouldbourn,wgouldbourn6a@google.ru,Male,251.185.37.43
228,Hersch,Stickells,hstickells6b@taobao.com,Male,115.201.30.247
229,Charita,Brigginshaw,cbrigginshaw6c@telegraph.co.uk,Female,138.62.163.62
230,Herve,MacArthur,hmacarthur6d@mit.edu,Male,22.57.7.176
231,Isidro,Corryer,icorryer6e@facebook.com,Male,126.127.38.66
232,Alvin,Bomfield,abomfield6f@networksolutions.com,Male,233.60.114.175
233,Caitlin,Tal,ctal6g@google.de,Female,34.121.181.54
234,Warren,Bathurst,wbathurst6h@dell.com,Male,161.202.186.208
235,Oriana,Edmons,oedmons6i@house.gov,Female,163.64.98.216
236,Shaylyn,Albon,salbon6j@nbcnews.com,Female,246.51.36.95
237,Darrel,Gierhard,dgierhard6k@posterous.com,Non-binary,145.26.131.83
238,Wendi,Josowitz,wjosowitz6l@de.vu,Female,113.121.43.132
239,Hector,Bushaway,hbushaway6m@wiley.com,Male,40.226.2.64
240,Benoite,Isaak,bisaak6n@yale.edu,Non-binary,21.195.71.228
241,Harwilll,Shakelade,hshakelade6o@squarespace.com,Male,237.43.236.187
242,Ania,Nancarrow,anancarrow6p@addtoany.com,Female,18.222.78.138
243,Chandra,Dunbobbin,cdunbobbin6q@google.es,Female,195.156.114.4
244,Pincus,Rapelli,prapelli6r@upenn.edu,Male,83.10.107.154
245,Marlow,Crumley,mcrumley6s@artisteer.com,Male,143.13.49.109
246,Jess,Renny,jrenny6t@goo.ne.jp,Female,208.251.175.163
247,Datha,Stillmann,dstillmann6u@hibu.com,Female,40.98.47.106
248,Charla,Macbane,cmacbane6v@webnode.com,Female,225.21.127.28
249,Reba,Nestor,rnestor6w@trellian.com,Non-binary,174.51.151.8
250,Tamarah,Poli,tpoli6x@canalblog.com,Female,143.69.127.44
251,Archibaldo,Hallad,ahallad6y@nasa.gov,Male,154.114.172.125
252,Waite,MacAless,wmacaless6z@blogspot.com,Male,213.109.19.176
253,Briney,Schoolfield,bschoolfield70@pen.io,Female,58.150.66.44
254,Jeniffer,Ubank,jubank71@cocolog-nifty.com,Female,194.128.0.60
255,Elke,Teffrey,eteffrey72@nsw.gov.au,Female,73.175.112.96
256,Rafferty,Peche,rpeche73@auda.org.au,Male,215.177.209.225
257,Akim,Harrinson,aharrinson74@macromedia.com,Polygender,232.114.90.7
258,Thaddeus,Privost,tprivost75@si.edu,Male,32.116.84.64
259,Gabbie,Crathern,gcrathern76@indiatimes.com,Male,83.19.48.44
260,Devondra,MacGiolla Pheadair,dmacgiollapheadair77@unicef.org,Female,246.160.125.246
261,Darice,Hedman,dhedman78@twitpic.com,Female,15.105.42.212
262,Fifine,Swatman,fswatman79@ask.com,Female,26.131.7.159
263,Dani,Byram,dbyram7a@baidu.com,Male,98.146.29.192
264,Denna,Waldocke,dwaldocke7b@ifeng.com,Female,57.120.222.215
265,Riccardo,Tennick,rtennick7c@flickr.com,Male,100.85.106.57
266,Jessalin,Caseborne,jcaseborne7d@studiopress.com,Female,191.255.151.217
267,Torrin,Stooders,tstooders7e@unicef.org,Male,154.137.48.182
268,Bertina,Oxterby,boxterby7f@networkadvertising.org,Female,167.129.62.196
269,Sylas,Pfaff,spfaff7g@dell.com,Genderqueer,51.54.154.104
270,Teddie,Mengue,tmengue7h@angelfire.com,Genderqueer,235.138.32.2
271,Trude,Kairns,tkairns7i@princeton.edu,Female,207.253.34.140
272,Luise,Rider,lrider7j@hao123.com,Polygender,239.81.181.220
273,Alix,Snoddy,asnoddy7k@diigo.com,Female,193.24.144.76
274,Clarance,Forst,cforst7l@paginegialle.it,Male,70.196.193.18
275,Judon,Rylett,jrylett7m@wordpress.org,Male,8.3.211.75
276,Neville,Farnorth,nfarnorth7n@samsung.com,Male,148.141.63.62
277,Dewie,Brooks,dbrooks7o@dyndns.org,Male,58.209.25.219
278,Celestyna,Keelan,ckeelan7p@thetimes.co.uk,Female,237.122.76.99
279,Vicky,Torbet,vtorbet7q@github.com,Female,131.37.210.86
280,Shurlock,Schulze,sschulze7r@stumbleupon.com,Male,151.52.4.128
281,Glen,De Domenico,gdedomenico7s@behance.net,Male,61.57.241.93
282,Derk,Pinilla,dpinilla7t@rambler.ru,Male,83.16.219.237
283,Keefer,Kinnock,kkinnock7u@ed.gov,Male,214.76.198.40
284,Sarene,Daniel,sdaniel7v@fda.gov,Female,236.17.228.21
285,Vallie,Murcutt,vmurcutt7w@mapy.cz,Genderqueer,117.88.101.93
286,Heddi,Stidworthy,hstidworthy7x@netlog.com,Female,60.42.188.169
287,Dannel,Pilsbury,dpilsbury7y@wisc.edu,Male,65.172.253.124
288,Matilde,Draayer,mdraayer7z@timesonline.co.uk,Female,186.17.159.177
289,Giffard,Lean,glean80@examiner.com,Male,15.62.41.122
290,Wanda,Chapple,wchapple81@geocities.com,Female,92.132.72.85
291,Ashleigh,Quirk,aquirk82@mozilla.org,Genderfluid,200.148.180.95
292,Larine,Arboine,larboine83@sourceforge.net,Female,221.178.123.54
293,Tad,Kesten,tkesten84@cargocollective.com,Male,164.42.18.135
294,Feliks,Craw,fcraw85@yale.edu,Male,36.157.249.3
295,Livvyy,Iorns,liorns86@nbcnews.com,Female,137.37.149.50
296,Cy,Babe,cbabe87@shutterfly.com,Male,232.162.194.140
297,Chauncey,Beaves,cbeaves88@ca.gov,Male,237.137.159.197
298,Jule,Bolte,jbolte89@google.de,Male,18.36.109.184
299,Andras,Richardeau,arichardeau8a@dedecms.com,Male,43.192.51.218
300,Dacey,Troke,dtroke8b@google.es,Female,248.26.189.235
301,Wallache,Isgar,wisgar8c@mysql.com,Male,136.185.169.152
302,Juline,O'Brogane,jobrogane8d@blinklist.com,Female,34.85.81.68
303,Ricki,Yurkevich,ryurkevich8e@mayoclinic.com,Female,209.132.137.116
304,Janaya,Galliver,jgalliver8f@wsj.com,Female,203.68.176.97
305,Kassey,Isaacs,kisaacs8g@si.edu,Female,177.199.63.30
306,Danette,Kesby,dkesby8h@ustream.tv,Female,249.85.6.232
307,Randi,Meeus,rmeeus8i@webmd.com,Female,21.182.181.119
308,Lissa,Nerger,lnerger8j@nydailynews.com,Female,27.7.94.200
309,Edd,Gridley,egridley8k@ycombinator.com,Male,82.7.176.128
310,Rae,Jewkes,rjewkes8l@bloomberg.com,Female,49.101.237.213
311,Massimo,Brickwood,mbrickwood8m@baidu.com,Male,177.101.116.8
312,Brigg,Gaydon,bgaydon8n@alibaba.com,Male,100.55.115.251
313,Nesta,Sanper,nsanper8o@bluehost.com,Female,102.205.22.18
314,Gina,Valerius,gvalerius8p@nsw.gov.au,Female,74.206.234.145
315,Douglas,Betteney,dbetteney8q@phoca.cz,Male,101.185.207.88
316,Joli,Hakey,jhakey8r@e-recht24.de,Female,0.3.98.76
317,Alisander,Elegood,aelegood8s@weather.com,Male,29.238.238.69
318,Jocelyne,Henkens,jhenkens8t@bloglovin.com,Female,103.186.86.64
319,Celie,Sibylla,csibylla8u@eepurl.com,Female,171.216.160.131
320,Napoleon,Remnant,nremnant8v@storify.com,Male,84.207.126.174
321,Melli,Umbers,mumbers8w@redcross.org,Female,10.218.24.100
322,Rube,Knightsbridge,rknightsbridge8x@goo.ne.jp,Male,74.134.240.5
323,Sheridan,Atherton,satherton8y@webnode.com,Male,201.113.107.92
324,Rebeca,Larroway,rlarroway8z@rakuten.co.jp,Female,24.150.179.159
325,Pate,Bohden,pbohden90@studiopress.com,Male,231.3.183.74
326,Pierette,Foggo,pfoggo91@nps.gov,Female,207.128.222.122
327,Priscilla,Domengue,pdomengue92@4shared.com,Female,74.55.188.156
328,Kellina,Grimwood,kgrimwood93@mysql.com,Female,17.22.141.88
329,Lolita,Herculeson,lherculeson94@desdev.cn,Female,122.157.48.19
330,Nickolaus,Cudbertson,ncudbertson95@nationalgeographic.com,Male,222.30.60.142
331,Orelie,Vevers,ovevers96@merriam-webster.com,Female,166.118.215.74
332,Elaine,Risso,erisso97@google.es,Female,75.239.21.92
333,Cloris,Hand,chand98@nba.com,Female,102.45.25.239
334,Gunner,Barnish,gbarnish99@cornell.edu,Male,108.61.254.167
335,Kipp,Sharram,ksharram9a@surveymonkey.com,Male,133.29.179.1
336,Noemi,Mackett,nmackett9b@weebly.com,Female,209.57.88.9
337,Sukey,Raith,sraith9c@typepad.com,Female,238.51.198.203
338,Elfrida,Amsberger,eamsberger9d@washington.edu,Female,44.154.169.203
339,Idalina,Leckenby,ileckenby9e@wordpress.org,Female,87.49.202.4
340,Sarena,Humble,shumble9f@go.com,Female,77.53.241.5
341,Octavius,Queen,oqueen9g@linkedin.com,Male,11.158.116.68
342,Meryl,Clawsley,mclawsley9h@noaa.gov,Female,83.48.163.224
343,Kate,Oliphand,koliphand9i@soup.io,Female,162.138.70.58
344,Stephi,Sheffield,ssheffield9j@topsy.com,Female,216.60.190.11
345,Marsha,Swatton,mswatton9k@zdnet.com,Female,51.184.151.13
346,Gustaf,Tilford,gtilford9l@a8.net,Male,189.227.6.215
347,Trudy,Newitt,tnewitt9m@webs.com,Genderqueer,165.250.72.151
348,Kacie,Pitkaithly,kpitkaithly9n@dyndns.org,Female,213.218.217.112
349,Sella,Flatley,sflatley9o@bbb.org,Female,146.200.217.68
350,Jack,Alvey,jalvey9p@hatena.ne.jp,Male,145.236.52.127
351,Vaclav,Durning,vdurning9q@hexun.com,Male,6.253.177.205
352,Engelbert,Downey,edowney9r@independent.co.uk,Agender,35.174.251.139
353,Kimble,Crowcombe,kcrowcombe9s@tiny.cc,Male,105.18.163.112
354,Hermann,Lukes,hlukes9t@webnode.com,Male,220.40.75.135
355,Henriette,Bulleyn,hbulleyn9u@istockphoto.com,Female,5.128.226.142
356,Darcie,Burehill,dburehill9v@chronoengine.com,Female,121.11.147.13
357,Elenore,Whilder,ewhilder9w@si.edu,Female,254.91.255.85
358,Theodoric,Weekland,tweekland9x@ustream.tv,Male,227.204.131.117
359,Davina,Ivashin,divashin9y@altervista.org,Female,77.35.135.156
360,L;urette,Sterre,lsterre9z@geocities.jp,Female,144.130.226.208
361,Erinn,Angeli,eangelia0@illinois.edu,Female,98.11.18.12
362,Diego,Clampton,dclamptona1@chicagotribune.com,Male,52.153.38.168
363,Israel,Van den Hof,ivandenhofa2@sina.com.cn,Male,62.151.230.140
364,Weider,Pennycock,wpennycocka3@nifty.com,Male,143.26.94.33
365,Zacharias,Gye,zgyea4@mapy.cz,Male,125.46.96.200
366,Evonne,Ganford,eganforda5@hp.com,Genderfluid,255.220.112.201
367,Harley,McTaggart,hmctaggarta6@ihg.com,Male,142.88.185.86
368,Auberon,Lillo,alilloa7@istockphoto.com,Male,54.161.112.19
369,Jermaine,Kob,jkoba8@edublogs.org,Male,116.76.4.31
370,Rafa,Alphonso,ralphonsoa9@dropbox.com,Female,36.79.86.21
371,Maureene,Chable,mchableaa@twitpic.com,Female,71.76.169.135
372,Charis,Gilgryst,cgilgrystab@github.com,Female,164.124.142.14
373,Lucienne,Boord,lboordac@eepurl.com,Polygender,23.186.196.248
374,Lurleen,Shingfield,lshingfieldad@slideshare.net,Female,117.13.145.118
375,Sampson,Rosekilly,srosekillyae@clickbank.net,Male,39.82.159.200
376,Blair,Gamet,bgametaf@cafepress.com,Female,192.11.202.129
377,Elihu,Iggalden,eiggaldenag@smh.com.au,Male,39.220.234.216
378,Aleece,Oels,aoelsah@jigsy.com,Polygender,137.120.89.58
379,Saxe,Worrill,sworrillai@tamu.edu,Male,148.254.35.185
380,Mayor,Reggio,mreggioaj@psu.edu,Male,10.65.176.245
381,Aubree,Bragge,abraggeak@census.gov,Female,253.91.88.118
382,Jobyna,Moulster,jmoulsteral@google.nl,Female,3.3.66.51
383,Zeke,Cowden,zcowdenam@skype.com,Male,6.224.253.249
384,Killie,Jacombs,kjacombsan@businessinsider.com,Male,147.130.248.37
385,Krista,Imlaw,kimlawao@sakura.ne.jp,Female,0.178.203.118
386,Maryanna,McCaig,mmccaigap@dell.com,Female,208.58.110.10
387,Maegan,Rayburn,mrayburnaq@imgur.com,Female,202.41.193.239
388,Danni,Gardener,dgardenerar@ed.gov,Female,49.77.94.10
389,Conan,Toten,ctotenas@homestead.com,Male,18.166.235.115
390,Rob,Yearsley,ryearsleyat@forbes.com,Male,105.189.58.254
391,Alfi,Carleton,acarletonau@imdb.com,Polygender,124.161.218.239
392,Sioux,Benini,sbeniniav@blogs.com,Female,226.221.215.69
393,Livvie,Gilli,lgilliaw@acquirethisname.com,Female,214.192.146.184
394,Gunter,Piotrowski,gpiotrowskiax@fc2.com,Male,46.105.175.200
395,Linea,Dewer,ldeweray@technorati.com,Female,175.121.25.18
396,Sollie,Dell Casa,sdellcasaaz@squidoo.com,Male,145.232.132.175
397,Donalt,Alesbrook,dalesbrookb0@sina.com.cn,Male,92.15.154.5
398,Carlen,Wreight,cwreightb1@dot.gov,Female,32.245.180.109
399,Boycey,Barnwell,bbarnwellb2@com.com,Male,142.247.191.119
400,Flor,Hulkes,fhulkesb3@alibaba.com,Female,186.132.252.196
401,Cullie,Do Rosario,cdorosariob4@indiatimes.com,Male,223.76.26.210
402,Derron,L'Episcopio,dlepiscopiob5@liveinternet.ru,Male,10.111.14.63
403,Oswald,Derkes,oderkesb6@reddit.com,Male,248.91.49.194
404,Meg,Dwyer,mdwyerb7@discovery.com,Female,34.205.187.137
405,Frayda,Whitesel,fwhiteselb8@tiny.cc,Female,114.97.22.61
406,Court,Denyukin,cdenyukinb9@google.nl,Male,208.128.177.235
407,Beverley,Longcaster,blongcasterba@ow.ly,Female,104.9.211.112
408,Adolpho,Jury,ajurybb@unc.edu,Male,66.146.242.195
409,Yolanda,Kobiela,ykobielabc@t.co,Female,174.37.32.82
410,Athena,Eglington,aeglingtonbd@dailymotion.com,Female,209.9.54.5
411,Norry,Shackelton,nshackeltonbe@foxnews.com,Male,255.102.56.33
412,Chad,McCrohon,cmccrohonbf@cnbc.com,Male,197.43.201.81
413,Marlie,Osbiston,mosbistonbg@bigcartel.com,Female,98.89.204.135
414,Wade,Ditzel,wditzelbh@discuz.net,Male,251.205.59.97
415,Keely,Osgar,kosgarbi@bloglines.com,Female,236.70.194.77
416,Clare,Brasseur,cbrasseurbj@webmd.com,Male,65.59.196.153
417,Nappy,Leyzell,nleyzellbk@spotify.com,Male,197.11.167.48
418,Bertina,Rosentholer,brosentholerbl@washingtonpost.com,Genderqueer,27.120.133.5
419,Austin,Mannion,amannionbm@soup.io,Female,36.73.16.218
420,Silvain,Beldham,sbeldhambn@taobao.com,Male,84.50.128.127
421,Dietrich,Varnam,dvarnambo@unblog.fr,Polygender,230.39.169.91
422,Estelle,McGlone,emcglonebp@seesaa.net,Agender,43.231.34.23
423,Freeland,Bouttell,fbouttellbq@ifeng.com,Male,182.56.172.5
424,Erda,Chestle,echestlebr@census.gov,Female,173.123.248.75
425,Sissy,Lamming,slammingbs@cafepress.com,Genderqueer,77.174.149.152
426,Dannie,Sendley,dsendleybt@eepurl.com,Female,193.107.109.80
427,Julienne,Skeemor,jskeemorbu@pbs.org,Female,130.120.25.69
428,Babette,Cornfoot,bcornfootbv@hhs.gov,Female,231.11.109.196
429,Arnuad,Berg,abergbw@webmd.com,Male,151.143.94.247
430,Mariele,Titchen,mtitchenbx@usa.gov,Female,250.229.127.100
431,Sherilyn,Knight,sknightby@alexa.com,Female,20.93.186.147
432,Sela,Onyon,sonyonbz@salon.com,Female,49.4.192.12
433,Iseabal,Sybry,isybryc0@google.es,Female,78.2.24.67
434,Wait,Kingshott,wkingshottc1@meetup.com,Male,19.225.97.209
435,Lenard,Skipperbottom,lskipperbottomc2@microsoft.com,Male,2.130.58.50
436,Torey,Blackaller,tblackallerc3@spiegel.de,Female,210.54.147.202
437,Violante,Bermingham,vberminghamc4@cam.ac.uk,Bigender,185.192.128.233
438,Dulcy,Jarvie,djarviec5@ovh.net,Female,234.49.78.129
439,Mal,Papis,mpapisc6@issuu.com,Male,211.92.47.204
440,Bond,Blinco,bblincoc7@cornell.edu,Male,207.90.24.65
441,Kendell,Tubble,ktubblec8@vk.com,Polygender,57.248.171.178
442,Anastasie,Tomsen,atomsenc9@home.pl,Female,140.80.47.245
443,Ki,Tennison,ktennisonca@list-manage.com,Female,77.234.20.231
444,Hugh,Sizeland,hsizelandcb@blog.com,Male,109.75.45.112
445,Michele,Pirot,mpirotcc@ihg.com,Female,250.209.143.183
446,Hermia,Champken,hchampkencd@people.com.cn,Female,100.112.177.62
447,Sven,Catt,scattce@odnoklassniki.ru,Male,226.91.55.92
448,Esther,Churchward,echurchwardcf@theglobeandmail.com,Female,205.43.34.143
449,Irvine,Harbour,iharbourcg@cisco.com,Male,180.8.131.115
450,Rois,Wildes,rwildesch@blogtalkradio.com,Female,3.10.134.97
451,Honoria,Falvey,hfalveyci@diigo.com,Female,200.58.235.228
452,Ilyssa,Cessford,icessfordcj@ocn.ne.jp,Female,112.24.119.86
453,Debby,Cassel,dcasselck@yellowbook.com,Female,202.55.23.253
454,Benjamen,Gerault,bgeraultcl@sun.com,Male,224.199.187.227
455,Vera,Hedden,vheddencm@state.gov,Female,206.83.135.205
456,Wye,Crumby,wcrumbycn@netscape.com,Male,164.21.134.27
457,Todd,Aslam,taslamco@seesaa.net,Male,254.173.193.228
458,Adair,Graysmark,agraysmarkcp@edublogs.org,Male,243.92.201.56
459,Ailey,Geillier,ageilliercq@baidu.com,Female,19.87.152.118
460,Eimile,Goman,egomancr@biglobe.ne.jp,Female,197.253.173.106
461,Terrie,Benham,tbenhamcs@weebly.com,Female,215.236.103.197
462,Karol,Drillingcourt,kdrillingcourtct@posterous.com,Female,239.44.135.178
463,Buddy,Goncalo,bgoncalocu@nba.com,Male,166.247.161.164
464,Vivyan,Gorgler,vgorglercv@cloudflare.com,Genderfluid,33.165.249.129
465,Halimeda,Stapley,hstapleycw@topsy.com,Female,51.156.239.96
466,Danica,Upston,dupstoncx@typepad.com,Female,232.78.54.116
467,Christie,Balaison,cbalaisoncy@cpanel.net,Female,146.46.70.207
468,Lonnie,Caldero,lcalderocz@plala.or.jp,Male,94.200.22.219
469,Buddy,Vial,bviald0@europa.eu,Bigender,38.125.45.8
470,Bonni,Schubuser,bschubuserd1@ucoz.com,Female,175.201.65.212
471,Nicholas,Pampling,npamplingd2@prlog.org,Genderqueer,10.11.73.130
472,Thom,Victoria,tvictoriad3@cpanel.net,Male,191.41.83.82
473,Wenonah,Hoofe,whoofed4@goodreads.com,Female,80.198.81.193
474,Pryce,Stranahan,pstranahand5@yolasite.com,Male,4.155.24.114
475,Boone,McFadzean,bmcfadzeand6@vinaora.com,Male,4.30.122.228
476,Tiphani,Bellworthy,tbellworthyd7@printfriendly.com,Female,2.191.219.224
477,Lissy,Sinkinson,lsinkinsond8@posterous.com,Female,66.17.173.91
478,Arel,Bryer,abryerd9@phoca.cz,Male,147.156.150.73
479,Vachel,Joselevitz,vjoselevitzda@t.co,Male,8.69.61.114
480,Dion,Lacheze,dlachezedb@huffingtonpost.com,Female,37.31.178.77
481,Stephi,Gertz,sgertzdc@mozilla.org,Female,0.176.158.99
482,Hill,Pearn,hpearndd@mit.edu,Male,125.63.229.100
483,Jarrid,Matusevich,jmatusevichde@columbia.edu,Male,92.117.93.216
484,Gilbert,Cope,gcopedf@weebly.com,Genderfluid,39.124.22.21
485,Berkley,Coppenhall,bcoppenhalldg@furl.net,Male,190.28.100.252
486,Abeu,Martindale,amartindaledh@elegantthemes.com,Male,98.151.123.161
487,Milissent,Tatem,mtatemdi@networksolutions.com,Female,245.5.217.22
488,Bibi,Macellar,bmacellardj@hao123.com,Female,226.171.98.244
489,Melantha,Heinrici,mheinricidk@ed.gov,Female,198.200.18.176
490,Kiri,Rayer,krayerdl@microsoft.com,Female,159.130.132.21
491,Allix,Matessian,amatessiandm@sciencedirect.com,Female,136.160.172.203
492,Hailey,Bowdon,hbowdondn@wired.com,Male,170.131.25.119
493,Shana,Powney,spowneydo@yelp.com,Female,235.61.166.42
494,Helaina,Davenell,hdavenelldp@loc.gov,Female,106.35.180.186
495,Timotheus,Giamitti,tgiamittidq@friendfeed.com,Male,10.169.61.179
496,Abdel,Bownas,abownasdr@zdnet.com,Male,203.231.9.179
497,Lyn,Gettings,lgettingsds@ca.gov,Female,229.195.109.209
498,Gardner,Archer,garcherdt@tinypic.com,Male,131.193.89.119
499,Kaye,Sykes,ksykesdu@wsj.com,Female,3.160.122.129
500,Ulrike,Linnane,ulinnanedv@scientificamerican.com,Female,27.198.193.223
501,Torrin,Gorden,tgordendw@seattletimes.com,Male,69.182.13.61
502,Mirna,Bendall,mbendalldx@pen.io,Female,137.18.232.208
503,Francis,Lithcow,flithcowdy@boston.com,Male,46.110.70.199
504,Tana,Sharply,tsharplydz@marketwatch.com,Female,151.45.107.229
505,Melosa,Todeo,mtodeoe0@unicef.org,Female,217.92.144.191
506,Hobey,Jessup,hjessupe1@edublogs.org,Male,215.12.148.148
507,Sonia,Basley,sbasleye2@amazonaws.com,Female,72.83.148.8
508,Lyndsay,Gosnell,lgosnelle3@domainmarket.com,Female,125.189.95.25
509,Lora,Tolley,ltolleye4@yandex.ru,Female,111.104.47.0
510,Janna,Moorerud,jmoorerude5@tripod.com,Female,28.210.18.233
511,Maureene,Stubbley,mstubbleye6@sciencedaily.com,Female,210.3.234.6
512,Calida,Bispo,cbispoe7@amazon.co.uk,Female,220.102.31.190
513,Jackquelin,Roydon,jroydone8@vistaprint.com,Female,103.40.12.44
514,Happy,Bello,hbelloe9@howstuffworks.com,Female,13.52.71.185
515,Maud,Whitlam,mwhitlamea@printfriendly.com,Non-binary,13.32.97.147
516,Bengt,McReedy,bmcreedyeb@nps.gov,Male,183.135.29.25
517,Yul,Korneichik,ykorneichikec@netscape.com,Male,103.115.186.37
518,Claudius,Labitt,clabitted@techcrunch.com,Male,235.119.0.157
519,Alexio,Crick,acrickee@chronoengine.com,Male,108.68.204.20
520,Minor,Bortolini,mbortolinief@abc.net.au,Male,97.127.181.65
521,Sal,Daenen,sdaeneneg@uol.com.br,Male,165.244.27.131
522,Templeton,Offer,toffereh@sbwire.com,Male,61.196.70.216
523,Mamie,Hanbury,mhanburyei@google.pl,Female,243.194.211.221
524,Faythe,Reddecliffe,freddecliffeej@stumbleupon.com,Female,16.98.135.6
525,Vikki,Costi,vcostiek@usnews.com,Female,195.187.216.52
526,Doll,Mingay,dmingayel@nasa.gov,Female,79.194.96.93
527,Louie,Cabral,lcabralem@drupal.org,Male,170.223.121.200
528,Traci,Ryde,trydeen@cornell.edu,Female,202.59.50.80
529,Sadie,Blackmuir,sblackmuireo@dedecms.com,Female,63.28.232.30
530,Danette,Veschambes,dveschambesep@mashable.com,Female,236.221.20.182
531,Rhonda,Stilgoe,rstilgoeeq@irs.gov,Female,244.10.62.199
532,Ginnie,Mordacai,gmordacaier@weather.com,Female,152.99.172.231
533,Stephani,Bustard,sbustardes@marriott.com,Non-binary,151.219.87.211
534,Sandy,Ruter,sruteret@army.mil,Agender,110.108.111.218
535,Dudley,Barus,dbaruseu@bravesites.com,Male,196.39.222.196
536,Harriet,Earnshaw,hearnshawev@springer.com,Female,211.10.229.131
537,Price,Maciaszczyk,pmaciaszczykew@google.cn,Male,191.43.136.181
538,Goraud,Dyne,gdyneex@dedecms.com,Male,3.163.96.174
539,Thatcher,Blyth,tblythey@usda.gov,Male,136.150.210.189
540,Heath,Bristowe,hbristoweez@networkadvertising.org,Female,144.69.77.154
541,Nikaniki,Filan,nfilanf0@devhub.com,Female,229.225.128.163
542,Renard,Downgate,rdowngatef1@epa.gov,Male,40.41.162.107
543,Vidovic,Coveley,vcoveleyf2@t.co,Male,139.41.211.190
544,Merwin,Bradtke,mbradtkef3@unblog.fr,Male,206.147.193.57
545,Sonny,Clarson,sclarsonf4@360.cn,Male,66.41.164.212
546,Mikey,Frizzell,mfrizzellf5@liveinternet.ru,Male,127.21.180.38
547,Sherman,Woollett,swoollettf6@jugem.jp,Male,142.165.180.128
548,Collette,Brambley,cbrambleyf7@youtube.com,Female,56.249.178.192
549,Jessamyn,Chrichton,jchrichtonf8@pinterest.com,Polygender,196.183.96.57
550,Malanie,Vittet,mvittetf9@rakuten.co.jp,Female,247.59.161.169
551,Daffy,Banbrook,dbanbrookfa@buzzfeed.com,Female,109.250.28.112
552,Vin,McWhan,vmcwhanfb@fc2.com,Male,156.17.217.252
553,Joelie,Willoughby,jwilloughbyfc@hhs.gov,Female,226.9.96.74
554,Clementius,Phayre,cphayrefd@wp.com,Male,69.152.65.173
555,Mohandis,Ravilious,mraviliousfe@instagram.com,Male,244.20.197.59
556,Pancho,Paulsson,ppaulssonff@opensource.org,Genderfluid,63.71.1.56
557,Washington,Pretious,wpretiousfg@umn.edu,Male,83.127.101.8
558,Daniela,Davidovsky,ddavidovskyfh@theguardian.com,Genderqueer,199.234.68.65
559,Dyana,Kensall,dkensallfi@acquirethisname.com,Female,190.107.214.195
560,Avigdor,Branchett,abranchettfj@baidu.com,Male,46.173.255.53
561,Estel,Yeell,eyeellfk@joomla.org,Female,211.193.174.0
562,Rosalynd,Wordley,rwordleyfl@bravesites.com,Female,223.240.27.35
563,Crichton,Vanns,cvannsfm@ft.com,Male,186.141.199.22
564,Penrod,Scholard,pscholardfn@meetup.com,Male,22.228.2.52
565,Gilburt,Vain,gvainfo@newyorker.com,Male,153.209.81.74
566,Alexia,Fontenot,afontenotfp@ifeng.com,Female,53.39.144.186
567,Leroi,Girodias,lgirodiasfq@mozilla.com,Male,10.79.171.32
568,Harley,Moberley,hmoberleyfr@feedburner.com,Female,166.102.3.200
569,Scottie,Wheatley,swheatleyfs@baidu.com,Male,55.168.220.24
570,Annemarie,O'Geaney,aogeaneyft@wsj.com,Female,172.128.92.0
571,Steffane,Carlon,scarlonfu@imdb.com,Female,8.66.116.171
572,Eba,Fewlass,efewlassfv@acquirethisname.com,Agender,45.230.53.214
573,Anderson,Pietri,apietrifw@dot.gov,Male,254.113.100.91
574,Rosetta,Dann,rdannfx@reddit.com,Female,204.157.240.164
575,Kameko,Hoyt,khoytfy@ovh.net,Non-binary,155.193.191.76
576,Xena,MacBey,xmacbeyfz@123-reg.co.uk,Female,16.218.151.197
577,Fallon,Chaney,fchaneyg0@tiny.cc,Female,247.194.7.197
578,Timothea,Bucham,tbuchamg1@washingtonpost.com,Female,172.148.11.166
579,Elena,McFie,emcfieg2@nih.gov,Female,37.70.186.240
580,Esmeralda,Malenfant,emalenfantg3@spiegel.de,Female,241.58.167.64
581,Jannelle,Swanborough,jswanboroughg4@elegantthemes.com,Female,172.95.219.105
582,Garv,Pont,gpontg5@businessinsider.com,Male,108.108.98.17
583,Esther,Greally,egreallyg6@feedburner.com,Female,43.33.169.228
584,Joella,Gilmartin,jgilmarting7@mapy.cz,Female,136.251.53.174
585,Lars,Kinker,lkinkerg8@flavors.me,Male,117.138.205.78
586,Waverly,Curgenuer,wcurgenuerg9@nature.com,Male,15.147.72.174
587,Ikey,Gowling,igowlingga@ask.com,Male,168.185.227.171
588,Dorris,Farnill,dfarnillgb@imgur.com,Female,38.131.88.182
589,Althea,Asplen,aasplengc@geocities.jp,Genderfluid,212.76.104.73
590,Zena,Gilbeart,zgilbeartgd@businessweek.com,Female,16.43.4.38
591,Conrade,Culham,cculhamge@feedburner.com,Male,9.69.109.189
592,Marsha,Grindle,mgrindlegf@furl.net,Female,3.250.249.45
593,Regan,Brigge,rbriggegg@taobao.com,Male,47.128.5.175
594,Lethia,Gammons,lgammonsgh@wunderground.com,Female,106.99.60.113
595,Alverta,Keese,akeesegi@sciencedirect.com,Female,24.127.153.10
596,Leilah,Oxtarby,loxtarbygj@sogou.com,Female,32.53.5.113
597,Marijn,Heath,mheathgk@ox.ac.uk,Male,84.44.194.30
598,Seka,Dabinett,sdabinettgl@nba.com,Female,117.224.136.77
599,Batsheva,Hayford,bhayfordgm@ovh.net,Bigender,210.54.86.74
600,Keeley,Wicklen,kwicklengn@hexun.com,Female,182.178.13.82
601,Phyllys,Sidery,psiderygo@cisco.com,Female,141.205.102.248
602,Reynard,Gerwood,rgerwoodgp@seesaa.net,Male,51.2.79.13
603,Laverne,Bullant,lbullantgq@irs.gov,Female,199.220.130.178
604,Maurie,Wotherspoon,mwotherspoongr@arstechnica.com,Male,48.156.175.133
605,Jacynth,Mulqueen,jmulqueengs@patch.com,Genderqueer,59.234.35.90
606,Jacob,Skellion,jskelliongt@alexa.com,Male,7.34.120.25
607,Ric,Blasl,rblaslgu@gravatar.com,Male,146.50.138.153
608,Jourdan,Itschakov,jitschakovgv@telegraph.co.uk,Female,187.173.172.15
609,Ashleigh,Ellershaw,aellershawgw@people.com.cn,Female,177.117.192.182
610,Cherie,Northleigh,cnorthleighgx@dedecms.com,Female,80.158.90.121
611,Nita,Maplethorpe,nmaplethorpegy@wikispaces.com,Bigender,64.184.198.40
612,Codi,Swallwell,cswallwellgz@aol.com,Female,19.163.82.156
613,Sherilyn,Rawling,srawlingh0@cam.ac.uk,Female,236.95.198.236
614,Ole,Doohan,odoohanh1@java.com,Male,130.79.140.52
615,Delano,Baumer,dbaumerh2@163.com,Male,73.57.218.147
616,Lyn,Atkins,latkinsh3@uiuc.edu,Female,236.193.226.13
617,Vergil,Haking,vhakingh4@constantcontact.com,Male,160.180.95.8
618,Chucho,Urquhart,curquharth5@weather.com,Male,122.208.243.4
619,Antoine,Baptist,abaptisth6@shop-pro.jp,Male,147.32.219.231
620,Felipa,Lethem,flethemh7@taobao.com,Female,137.49.190.243
621,Julee,Maberley,jmaberleyh8@themeforest.net,Female,22.187.35.194
622,Lea,Forder,lforderh9@toplist.cz,Genderqueer,143.200.118.28
623,Jere,Neissen,jneissenha@domainmarket.com,Male,182.225.30.73
624,Fernanda,Gullick,fgullickhb@newyorker.com,Female,241.238.73.162
625,Lizbeth,Parfett,lparfetthc@reuters.com,Bigender,243.131.66.150
626,Lindy,Itzig,litzighd@altervista.org,Female,183.163.68.247
627,Elli,Attwoull,eattwoullhe@bloglovin.com,Female,67.77.12.198
628,Dalia,Slora,dslorahf@sun.com,Female,137.28.109.75
629,Madella,Guise,mguisehg@archive.org,Genderqueer,172.240.226.59
630,Uri,Di Pietro,udipietrohh@google.pl,Male,67.173.41.139
631,Starlene,Stott,sstotthi@barnesandnoble.com,Bigender,61.86.179.180
632,Karylin,Cready,kcreadyhj@ning.com,Female,255.128.9.85
633,Nellie,Hartopp,nhartopphk@aboutads.info,Female,166.75.163.113
634,Gwenni,Daw,gdawhl@wired.com,Female,153.135.226.240
635,Giffer,Kirkland,gkirklandhm@yelp.com,Genderfluid,178.86.177.171
636,Cristian,Vasiltsov,cvasiltsovhn@geocities.jp,Male,138.129.45.86
637,Sarah,Hulle,shulleho@dell.com,Female,209.126.235.131
638,Colline,Jagielski,cjagielskihp@who.int,Female,232.151.200.64
639,Marijo,Warboys,mwarboyshq@google.ca,Female,249.164.247.115
640,Nady,Wimbury,nwimburyhr@webnode.com,Female,145.108.188.168
641,Iggy,Blakebrough,iblakebroughhs@princeton.edu,Agender,242.138.246.29
642,Wolfie,Creaser,wcreaserht@bloomberg.com,Bigender,211.107.136.47
643,Selia,Spaight,sspaighthu@wsj.com,Female,57.173.170.55
644,Pietrek,Stuther,pstutherhv@cnbc.com,Male,221.103.62.198
645,Bart,Mutton,bmuttonhw@ebay.co.uk,Male,238.237.203.220
646,Saxon,Spavon,sspavonhx@admin.ch,Male,60.152.196.159
647,Waylan,Harse,wharsehy@blogs.com,Male,83.199.128.130
648,Mei,De Bruin,mdebruinhz@cpanel.net,Female,30.105.142.221
649,Pansie,Tippler,ptippleri0@networksolutions.com,Female,52.160.95.113
650,Em,Fortnon,efortnoni1@aboutads.info,Genderfluid,98.36.150.54
651,Joachim,Lowrey,jlowreyi2@posterous.com,Male,34.28.240.224
652,Siffre,Careless,scarelessi3@hc360.com,Male,191.164.230.24
653,Jesse,Hewins,jhewinsi4@smugmug.com,Non-binary,202.7.188.80
654,Cammy,Linne,clinnei5@about.me,Female,0.174.75.142
655,Vinny,Havercroft,vhavercrofti6@harvard.edu,Female,150.226.156.127
656,Donn,Branton,dbrantoni7@google.com,Bigender,182.96.150.49
657,Trescha,Bradlaugh,tbradlaughi8@japanpost.jp,Female,198.101.112.202
658,Maxim,Sancroft,msancrofti9@livejournal.com,Male,209.171.102.211
659,Kial,Goble,kgobleia@cdc.gov,Bigender,156.237.153.2
660,Jacqui,Scandrick,jscandrickib@alexa.com,Female,197.56.89.144
661,Bella,Dagwell,bdagwellic@arizona.edu,Bigender,255.90.244.201
662,Celestine,Bing,cbingid@altervista.org,Female,166.249.201.52
663,Giacopo,Philp,gphilpie@tiny.cc,Male,181.9.21.129
664,Sile,Heddon,sheddonif@cbc.ca,Female,197.2.15.102
665,Erny,Cordaroy,ecordaroyig@europa.eu,Genderqueer,9.148.57.218
666,Elliott,Borres,eborresih@google.fr,Male,216.154.211.86
667,Kathryne,Byfford,kbyffordii@comcast.net,Female,226.164.81.54
668,Larina,Theodore,ltheodoreij@netscape.com,Female,159.238.98.83
669,Hermann,Driussi,hdriussiik@ucoz.ru,Male,120.5.37.116
670,Pearle,Wison,pwisonil@trellian.com,Female,240.118.163.24
671,Barn,Newing,bnewingim@booking.com,Male,85.16.205.131
672,Gabriellia,Perkis,gperkisin@parallels.com,Female,16.166.213.243
673,Marcellina,Klempke,mklempkeio@cdbaby.com,Female,198.69.191.179
674,Janela,Catmull,jcatmullip@princeton.edu,Female,157.214.132.229
675,Mattie,Duffus,mduffusiq@github.com,Agender,205.108.56.139
676,Ogdon,Simek,osimekir@ihg.com,Genderfluid,12.17.28.68
677,Lily,Pattisson,lpattissonis@hexun.com,Female,210.67.66.236
678,Anderson,Warton,awartonit@hostgator.com,Male,209.31.41.121
679,Vidovik,Behnecken,vbehneckeniu@independent.co.uk,Male,196.185.113.222
680,Etheline,Nuss,enussiv@storify.com,Female,123.170.185.182
681,Agustin,Grimsdale,agrimsdaleiw@psu.edu,Male,255.111.155.245
682,Viviyan,Andreucci,vandreucciix@yahoo.com,Female,122.188.173.254
683,Aldus,Gribbon,agribboniy@issuu.com,Polygender,242.210.48.120
684,Nichole,Sturt,nsturtiz@independent.co.uk,Bigender,151.68.245.180
685,Collete,Calcutt,ccalcuttj0@house.gov,Female,130.19.194.213
686,Antonietta,Winship,awinshipj1@berkeley.edu,Female,114.213.240.63
687,Enoch,Ranfield,eranfieldj2@cocolog-nifty.com,Genderfluid,181.20.216.190
688,Latrena,Goldingay,lgoldingayj3@ycombinator.com,Female,141.35.189.108
689,Corabelle,Hutfield,chutfieldj4@shinystat.com,Female,189.60.41.220
690,Monty,Baert,mbaertj5@salon.com,Male,193.61.120.201
691,Ignatius,Keach,ikeachj6@pbs.org,Male,15.170.100.96
692,Nate,Ayton,naytonj7@ucoz.com,Male,61.51.209.219
693,Caryl,MacGettigen,cmacgettigenj8@rediff.com,Bigender,206.55.200.207
694,Olympia,Heeran,oheeranj9@reddit.com,Female,14.197.45.189
695,Patton,Szimoni,pszimonija@oracle.com,Male,27.49.81.76
696,Dolly,Neath,dneathjb@slashdot.org,Female,115.171.24.220
697,Wald,Alenikov,walenikovjc@vk.com,Non-binary,176.1.181.164
698,Nealson,Pilsworth,npilsworthjd@altervista.org,Male,161.103.8.150
699,Delcina,Corter,dcorterje@admin.ch,Female,162.163.130.162
700,Josiah,Shanahan,jshanahanjf@pagesperso-orange.fr,Male,119.159.167.138
701,Dalia,Kingh,dkinghjg@deviantart.com,Female,193.147.188.49
702,Ingaborg,Danilowicz,idanilowiczjh@soundcloud.com,Female,168.172.229.34
703,Rochelle,Footer,rfooterji@de.vu,Agender,247.196.240.187
704,Evelin,Lux,eluxjj@uiuc.edu,Male,134.171.208.228
705,Regen,Nevison,rnevisonjk@smh.com.au,Male,202.175.41.138
706,Harli,Vardy,hvardyjl@stumbleupon.com,Bigender,120.131.6.114
707,Caldwell,Rottenbury,crottenburyjm@cnbc.com,Male,2.100.135.137
708,Kassia,Dinning,kdinningjn@cdc.gov,Female,171.105.128.83
709,Bevvy,Hancill,bhancilljo@slashdot.org,Female,118.38.105.91
710,Renaldo,MacRinn,rmacrinnjp@hatena.ne.jp,Male,153.40.198.89
711,Margarette,Sarchwell,msarchwelljq@merriam-webster.com,Female,70.6.125.143
712,Amii,Iacovelli,aiacovellijr@blog.com,Female,211.11.72.210
713,Ardenia,Baird,abairdjs@51.la,Female,240.158.71.251
714,Pauline,Menendes,pmenendesjt@geocities.com,Female,205.90.36.94
715,Berthe,Labbey,blabbeyju@army.mil,Female,225.179.171.60
716,Noah,Buckner,nbucknerjv@economist.com,Male,41.172.201.222
717,Sheelah,Keggin,skegginjw@addtoany.com,Female,54.58.93.38
718,Adara,Surmeir,asurmeirjx@dyndns.org,Female,200.99.41.43
719,Monti,Tilford,mtilfordjy@cisco.com,Male,144.107.85.216
720,Marje,Bricknell,mbricknelljz@163.com,Female,33.208.99.232
721,Sharlene,Duggan,sduggank0@usa.gov,Female,120.155.201.19
722,Gayle,Bilton,gbiltonk1@theatlantic.com,Female,175.113.8.241
723,Brodie,Pedrick,bpedrickk2@wp.com,Bigender,169.29.36.111
724,Teresita,Hammor,thammork3@cornell.edu,Female,197.38.192.255
725,Emerson,Merrifield,emerrifieldk4@disqus.com,Male,208.245.186.67
726,Ira,Marlin,imarlink5@weibo.com,Male,185.219.47.63
727,Mattie,Nollet,mnolletk6@amazon.co.jp,Female,191.124.42.133
728,Lynnet,Karim,lkarimk7@51.la,Genderfluid,115.62.16.140
729,Nobe,Dwyr,ndwyrk8@g.co,Male,67.140.158.93
730,Ardenia,Ellinor,aellinork9@gmpg.org,Female,18.54.171.26
731,Benedetto,McVee,bmcveeka@sitemeter.com,Male,53.60.71.226
732,Camel,Shorto,cshortokb@bluehost.com,Polygender,26.73.255.82
733,Colas,Pendergrast,cpendergrastkc@1und1.de,Male,26.238.237.178
734,Evin,Keyme,ekeymekd@comcast.net,Male,190.108.132.94
735,Byrle,Worsom,bworsomke@geocities.com,Male,105.198.51.157
736,Major,Sirmond,msirmondkf@vinaora.com,Male,106.34.78.192
737,Tamqrah,Korpolak,tkorpolakkg@eepurl.com,Female,27.190.141.177
738,Christy,Blakeston,cblakestonkh@ebay.co.uk,Male,184.177.42.59
739,Free,Rickell,frickellki@nyu.edu,Male,109.46.88.191
740,Jannel,Cathrall,jcathrallkj@blogs.com,Genderqueer,223.190.254.203
741,Gisella,Raraty,graratykk@jugem.jp,Female,119.82.81.160
742,Jeramie,Jamison,jjamisonkl@hugedomains.com,Male,87.236.69.206
743,Alan,Rudall,arudallkm@diigo.com,Male,111.93.249.111
744,Violetta,Crisp,vcrispkn@icq.com,Female,46.5.145.64
745,Falito,Cashell,fcashellko@myspace.com,Non-binary,189.179.144.48
746,Susan,Ciccotto,sciccottokp@vimeo.com,Female,250.177.102.33
747,Meade,Carillo,mcarillokq@rediff.com,Female,45.222.90.218
748,Tobey,Westmoreland,twestmorelandkr@umn.edu,Female,231.124.225.95
749,Garrek,Sidwick,gsidwickks@123-reg.co.uk,Male,254.106.104.21
750,Brooke,Lacroux,blacrouxkt@hhs.gov,Male,118.152.80.89
751,Angelle,Frie,afrieku@geocities.jp,Female,230.136.64.9
752,Terrance,Hassall,thassallkv@sfgate.com,Non-binary,182.230.128.67
753,Marge,Phelip,mphelipkw@auda.org.au,Female,129.255.198.10
754,Mikkel,Piola,mpiolakx@free.fr,Male,211.144.137.82
755,Constantino,Oaks,coaksky@dailymotion.com,Male,82.231.13.29
756,Gram,Burdett,gburdettkz@youtu.be,Male,227.70.171.164
757,Fae,Tyres,ftyresl0@toplist.cz,Female,99.186.111.163
758,Rooney,Gaynes,rgaynesl1@miitbeian.gov.cn,Male,66.6.38.234
759,Isador,Britch,ibritchl2@bigcartel.com,Male,152.207.165.68
760,Crystal,Dukelow,cdukelowl3@washingtonpost.com,Female,247.207.246.134
761,Brett,Edgecumbe,bedgecumbel4@un.org,Female,204.2.26.215
762,Ailene,Swinyard,aswinyardl5@hc360.com,Female,44.155.181.166
763,Lesley,Cullimore,lcullimorel6@shinystat.com,Male,49.197.111.114
764,Lenna,O'Kennedy,lokennedyl7@unc.edu,Female,13.63.101.228
765,Denver,Cabell,dcabelll8@mlb.com,Male,102.147.5.221
766,Ulrikaumeko,Burnard,uburnardl9@eepurl.com,Female,51.133.180.197
767,Sonja,Atwater,satwaterla@sfgate.com,Female,78.5.58.220
768,Lorna,Veldman,lveldmanlb@scientificamerican.com,Female,153.156.37.101
769,Alana,Finan,afinanlc@sogou.com,Female,110.9.156.105
770,Tabbatha,Landells,tlandellsld@cpanel.net,Female,239.22.242.241
771,Alley,Knoble,aknoblele@yellowpages.com,Male,103.168.255.188
772,Lizette,Goranov,lgoranovlf@statcounter.com,Female,146.100.144.31
773,Caryn,Bezzant,cbezzantlg@google.es,Female,244.229.22.254
774,Demott,Stribling,dstriblinglh@instagram.com,Male,14.255.92.144
775,Clayborne,Handslip,chandslipli@alexa.com,Male,140.44.46.237
776,Evin,Croxton,ecroxtonlj@booking.com,Male,85.92.126.30
777,Doug,Checcucci,dcheccuccilk@google.it,Male,145.198.71.76
778,Kelci,Soppeth,ksoppethll@usnews.com,Female,252.19.112.36
779,Valma,Gully,vgullylm@nyu.edu,Female,127.105.237.157
780,Frederik,Spellar,fspellarln@theguardian.com,Male,182.210.85.167
781,Dolly,Harlowe,dharlowelo@harvard.edu,Female,186.57.241.247
782,Cookie,Stoven,cstovenlp@youku.com,Female,212.107.82.23
783,Orin,Gatlin,ogatlinlq@imageshack.us,Male,158.160.60.19
784,Kizzee,Brannan,kbrannanlr@myspace.com,Female,178.77.216.138
785,Merry,Espinos,mespinosls@flickr.com,Female,35.5.55.12
786,Robyn,Messenger,rmessengerlt@google.com.hk,Female,41.117.118.176
787,Sammy,Milmoe,smilmoelu@github.com,Male,133.119.140.253
788,Delphinia,Jacobovitz,djacobovitzlv@mashable.com,Female,16.196.128.86
789,Abey,Shewan,ashewanlw@about.me,Male,8.235.181.181
790,Bess,Toolan,btoolanlx@weebly.com,Female,206.222.122.101
791,Roslyn,Gradly,rgradlyly@biblegateway.com,Female,186.99.4.199
792,Dela,Studholme,dstudholmelz@i2i.jp,Female,173.202.3.194
793,Gorden,Berget,gbergetm0@ocn.ne.jp,Male,61.136.111.238
794,Katerina,Chimienti,kchimientim1@google.pl,Female,190.88.132.151
795,Aldis,Stannett,astannettm2@paginegialle.it,Male,68.246.77.94
796,Shelley,Wandrack,swandrackm3@storify.com,Female,142.247.54.4
797,Damiano,Martusov,dmartusovm4@hhs.gov,Male,105.74.43.22
798,Nancee,Wellstead,nwellsteadm5@gov.uk,Female,227.251.105.6
799,Waverley,Doldon,wdoldonm6@google.es,Male,142.210.224.244
800,Aldin,Glanvill,aglanvillm7@gmpg.org,Male,69.19.118.18
801,Milka,Scrafton,mscraftonm8@narod.ru,Female,231.129.35.254
802,Wait,Buttrey,wbuttreym9@studiopress.com,Male,121.136.142.73
803,Ken,Rannells,krannellsma@blogtalkradio.com,Male,199.1.24.223
804,Andra,Fidgin,afidginmb@exblog.jp,Female,125.102.74.142
805,Brennen,Helling,bhellingmc@shareasale.com,Male,188.228.115.78
806,Bryan,Bloodworth,bbloodworthmd@google.com.br,Male,251.153.105.7
807,Raynor,Thirlaway,rthirlawayme@eepurl.com,Male,60.53.32.252
808,Dalli,Allan,dallanmf@state.gov,Male,2.155.218.118
809,Erinn,Mottershead,emottersheadmg@imgur.com,Female,164.37.24.106
810,Allister,Feyer,afeyermh@booking.com,Male,102.45.89.157
811,Timi,Tebbut,ttebbutmi@apache.org,Female,249.98.9.9
812,Cob,Wardesworth,cwardesworthmj@typepad.com,Male,144.161.148.17
813,Billie,Ritelli,britellimk@vkontakte.ru,Female,98.134.231.184
814,Andrea,Fincken,afinckenml@go.com,Male,98.212.16.106
815,Colly,Fairnie,cfairniemm@cafepress.com,Female,64.104.87.34
816,Ario,Radolf,aradolfmn@xrea.com,Male,193.134.149.0
817,Thorpe,Lowin,tlowinmo@bluehost.com,Male,120.61.3.213
818,Gherardo,Errichiello,gerrichiellomp@clickbank.net,Male,165.186.232.7
819,Bord,Narraway,bnarrawaymq@latimes.com,Male,175.21.197.139
820,Dilan,Bruggen,dbruggenmr@cam.ac.uk,Male,177.55.38.242
821,Carmine,Spiby,cspibyms@thetimes.co.uk,Female,178.233.142.55
822,Christopher,Rankine,crankinemt@github.com,Male,100.138.234.16
823,Ximenes,Pesticcio,xpesticciomu@ycombinator.com,Male,90.144.211.30
824,Eileen,Cassin,ecassinmv@youtube.com,Female,65.44.226.167
825,Avrit,Handover,ahandovermw@pen.io,Female,249.63.240.113
826,Yule,Leathes,yleathesmx@admin.ch,Male,194.136.51.199
827,Ambrosio,Hedgeley,ahedgeleymy@seesaa.net,Male,21.160.203.239
828,Mahmoud,Britland,mbritlandmz@chronoengine.com,Male,24.21.97.157
829,Shanie,Hehl,shehln0@uiuc.edu,Agender,30.116.237.205
830,Andie,Hamsher,ahamshern1@answers.com,Female,116.98.155.64
831,Geoffry,Redmille,gredmillen2@csmonitor.com,Non-binary,109.66.203.193
832,Rene,Cudde,rcudden3@google.com,Male,215.96.194.75
833,Madel,Minillo,mminillon4@webeden.co.uk,Female,82.200.182.90
834,Minne,Feige,mfeigen5@google.com,Female,74.126.222.196
835,Donavon,Gier,dgiern6@printfriendly.com,Agender,75.55.17.217
836,Kat,Rigbye,krigbyen7@ox.ac.uk,Female,216.11.221.222
837,Cleavland,Swede,csweden8@xinhuanet.com,Male,24.232.117.223
838,Betsey,Ancell,bancelln9@theglobeandmail.com,Female,137.191.43.240
839,Jeana,Bleythin,jbleythinna@so-net.ne.jp,Female,205.166.113.185
840,Devan,Chattaway,dchattawaynb@chronoengine.com,Female,65.66.237.115
841,Ninnette,Dymocke,ndymockenc@wordpress.com,Female,15.132.31.0
842,Ezri,Bolesma,ebolesmand@cornell.edu,Male,155.182.121.227
843,Fairleigh,Rentz,frentzne@instagram.com,Male,212.120.240.166
844,Clevie,Elcombe,celcombenf@vistaprint.com,Male,114.68.148.11
845,Stephenie,Aspole,saspoleng@businessinsider.com,Agender,157.31.136.249
846,Titos,Curthoys,tcurthoysnh@g.co,Non-binary,44.174.217.49
847,Daren,Neame,dneameni@netvibes.com,Male,112.101.69.133
848,Elden,Boak,eboaknj@economist.com,Male,141.153.113.238
849,Cyndie,Clilverd,cclilverdnk@bravesites.com,Female,12.193.105.135
850,Sherie,Philippsohn,sphilippsohnnl@addtoany.com,Female,247.116.22.83
851,Cele,Kilduff,ckilduffnm@marriott.com,Female,184.253.222.204
852,Leslie,Cholmondeley,lcholmondeleynn@tuttocitta.it,Male,85.128.51.209
853,Billye,Hawkings,bhawkingsno@example.com,Female,147.39.240.234
854,Lenora,Hucks,lhucksnp@economist.com,Female,37.13.110.83
855,Tremaine,LAbbet,tlabbetnq@goodreads.com,Male,85.11.100.204
856,Duffy,Drepp,ddreppnr@bloglines.com,Male,188.134.251.138
857,Khalil,O'Farris,kofarrisns@patch.com,Male,5.13.146.31
858,Erny,Casebourne,ecasebournent@rakuten.co.jp,Male,229.126.43.173
859,Bastien,Sigward,bsigwardnu@hp.com,Male,53.197.219.183
860,Mike,Moncrieffe,mmoncrieffenv@microsoft.com,Male,27.65.176.159
861,Nikkie,Lewsey,nlewseynw@dedecms.com,Female,236.218.98.41
862,Clifford,Barz,cbarznx@biblegateway.com,Male,133.252.142.227
863,Eula,McIlvaney,emcilvaneyny@google.com.br,Female,28.228.151.16
864,Jard,Reyne,jreynenz@cisco.com,Male,231.187.8.244
865,Glyn,Monget,gmongeto0@list-manage.com,Female,240.82.114.241
866,Coop,Dunkinson,cdunkinsono1@smugmug.com,Male,170.119.98.113
867,Joli,Ropars,jroparso2@hc360.com,Female,69.89.71.68
868,Burke,Bartos,bbartoso3@unicef.org,Male,142.157.94.218
869,Gordan,Riddeough,griddeougho4@istockphoto.com,Male,46.216.224.208
870,Melloney,Todarini,mtodarinio5@google.es,Female,17.177.148.172
871,Tish,Gabler,tgablero6@seattletimes.com,Female,20.152.100.88
872,Kain,Nares,knareso7@pcworld.com,Male,241.87.163.176
873,Kyla,Morrieson,kmorriesono8@xinhuanet.com,Female,94.58.180.72
874,Liane,Kneeland,lkneelando9@wired.com,Female,92.186.118.253
875,Lefty,Grece,lgreceoa@xrea.com,Male,53.16.93.123
876,Dacey,Lamzed,dlamzedob@networkadvertising.org,Female,252.234.143.36
877,Selena,Schapiro,sschapirooc@geocities.jp,Female,191.73.73.124
878,Lesli,Phillcox,lphillcoxod@nsw.gov.au,Female,205.21.29.167
879,Taite,Crew,tcrewoe@angelfire.com,Male,143.249.46.1
880,Amelia,Tire,atireof@dmoz.org,Female,60.166.27.95
881,Rochette,Friedank,rfriedankog@state.gov,Female,142.161.188.200
882,Fidelia,Lassells,flassellsoh@wordpress.org,Female,88.99.233.138
883,Althea,Scorah,ascorahoi@networkadvertising.org,Female,13.179.107.97
884,Agnella,Dudleston,adudlestonoj@1688.com,Female,117.21.135.146
885,Lissi,Sharer,lsharerok@themeforest.net,Female,204.116.171.105
886,Daffi,Burkitt,dburkittol@addthis.com,Female,192.96.159.194
887,Greg,Chuney,gchuneyom@hhs.gov,Male,22.22.76.138
888,Gennie,Markie,gmarkieon@multiply.com,Female,217.147.54.214
889,Edythe,Stoller,estolleroo@homestead.com,Female,113.40.25.123
890,Mikey,Olifaunt,molifauntop@vkontakte.ru,Male,56.224.143.150
891,Allissa,Piburn,apiburnoq@mayoclinic.com,Female,43.55.165.90
892,Beniamino,Yuryatin,byuryatinor@naver.com,Male,46.87.42.132
893,Kerr,Schubuser,kschubuseros@salon.com,Bigender,152.30.123.161
894,Lindsy,Le Gassick,llegassickot@ox.ac.uk,Female,59.128.116.216
895,Honey,Rosenbarg,hrosenbargou@flickr.com,Female,24.69.108.11
896,Reyna,Ivkovic,rivkovicov@dion.ne.jp,Female,126.101.48.37
897,Granthem,Millan,gmillanow@mit.edu,Male,190.59.123.231
898,Arlen,Dunkley,adunkleyox@webnode.com,Male,206.25.58.53
899,Corina,McLewd,cmclewdoy@shareasale.com,Female,231.134.98.114
900,Rayner,Laddle,rladdleoz@mediafire.com,Male,43.217.220.212
901,Bettye,Rosenbloom,brosenbloomp0@addtoany.com,Female,234.61.30.15
902,Frazier,Moehler,fmoehlerp1@google.cn,Male,196.20.97.164
903,Quinn,Skegg,qskeggp2@ameblo.jp,Female,240.4.36.137
904,Isaak,Martinon,imartinonp3@ebay.com,Male,208.218.201.85
905,Weston,Vaines,wvainesp4@msu.edu,Male,222.150.82.207
906,Lorraine,Merrywether,lmerrywetherp5@wikispaces.com,Female,77.230.51.8
907,Rik,Drydale,rdrydalep6@mozilla.com,Male,90.76.129.43
908,Chickie,Thebeaud,cthebeaudp7@cnn.com,Female,48.202.201.123
909,Imogen,Cottier,icottierp8@pbs.org,Female,36.204.210.97
910,Marilin,Eldridge,meldridgep9@geocities.jp,Female,84.17.29.3
911,Katharina,Vassel,kvasselpa@nydailynews.com,Female,14.147.109.143
912,Iolande,Joul,ijoulpb@ucoz.ru,Female,176.9.191.212
913,Ginni,Henner,ghennerpc@homestead.com,Female,154.143.232.129
914,Gal,Leipold,gleipoldpd@mozilla.com,Male,176.1.85.29
915,Elga,Boissieux,eboissieuxpe@columbia.edu,Female,116.23.112.13
916,Gilburt,Hasney,ghasneypf@alexa.com,Male,239.89.22.129
917,Mellisent,Parkeson,mparkesonpg@multiply.com,Female,66.16.195.213
918,Sheila,Dugue,sdugueph@ucla.edu,Female,84.74.35.72
919,Diego,Storey,dstoreypi@feedburner.com,Male,225.79.193.198
920,Kingston,Ogger,koggerpj@va.gov,Male,178.104.186.120
921,Dosi,Methven,dmethvenpk@artisteer.com,Female,163.49.101.253
922,Yorke,Eldrett,yeldrettpl@twitter.com,Male,123.177.17.78
923,Dimitry,Breston,dbrestonpm@jalbum.net,Male,143.168.133.111
924,Rex,Tatershall,rtatershallpn@naver.com,Male,78.167.171.166
925,Rochester,Terbruggen,rterbruggenpo@smh.com.au,Genderqueer,228.248.133.22
926,Klemens,Adelman,kadelmanpp@i2i.jp,Male,175.145.130.230
927,Cassie,Rayne,craynepq@cpanel.net,Male,14.160.120.33
928,Cary,Spurritt,cspurrittpr@ask.com,Female,239.174.0.78
929,Kelwin,Snap,ksnapps@unicef.org,Male,176.174.14.183
930,Wendel,Bower,wbowerpt@google.cn,Male,134.255.233.237
931,Tabby,Klainer,tklainerpu@examiner.com,Male,16.111.133.122
932,Octavius,Matt,omattpv@wired.com,Male,225.205.137.103
933,Quintin,Orthmann,qorthmannpw@skyrock.com,Male,41.163.34.40
934,Ciel,Corbould,ccorbouldpx@e-recht24.de,Female,248.213.16.207
935,Jayson,Krysiak,jkrysiakpy@npr.org,Male,152.46.114.106
936,Morton,Hoyes,mhoyespz@nba.com,Male,83.45.69.19
937,Nerta,Dickson,ndicksonq0@globo.com,Female,186.17.192.100
938,Gerianna,Tommei,gtommeiq1@360.cn,Female,244.217.251.53
939,Alyse,Mattheus,amattheusq2@adobe.com,Female,139.72.184.61
940,Findlay,Utting,futtingq3@e-recht24.de,Genderqueer,2.58.188.78
941,Harri,Thirwell,hthirwellq4@ameblo.jp,Female,51.44.183.120
942,Cliff,Selbie,cselbieq5@t.co,Male,62.254.199.254
943,King,Phlippsen,kphlippsenq6@biglobe.ne.jp,Male,181.40.204.175
944,Lorrie,Drescher,ldrescherq7@auda.org.au,Male,110.141.253.88
945,Malina,Limrick,mlimrickq8@merriam-webster.com,Female,102.246.211.95
946,Warde,Lambrechts,wlambrechtsq9@wikispaces.com,Male,72.10.146.91
947,Trixie,Botterill,tbotterillqa@ebay.co.uk,Female,200.210.153.143
948,Siusan,Talby,stalbyqb@oracle.com,Female,163.83.195.16
949,Lesli,Martinon,lmartinonqc@istockphoto.com,Female,140.81.12.150
950,Renard,Abramovic,rabramovicqd@xing.com,Polygender,116.27.169.165
951,Marita,Climson,mclimsonqe@icq.com,Female,163.3.238.184
952,Remy,McCarry,rmccarryqf@live.com,Agender,122.243.125.19
953,Temp,McOrkill,tmcorkillqg@hc360.com,Male,78.196.123.23
954,Onida,Gwinn,ogwinnqh@aol.com,Female,228.241.169.229
955,Dory,Manlow,dmanlowqi@cyberchimps.com,Female,75.22.21.3
956,Bruno,Matteucci,bmatteucciqj@macromedia.com,Male,103.31.217.79
957,Biron,Preto,bpretoqk@discuz.net,Male,176.236.192.232
958,Bernhard,Warlton,bwarltonql@addthis.com,Male,121.132.131.17
959,Gardiner,Stirzaker,gstirzakerqm@cocolog-nifty.com,Male,60.142.63.153
960,Rab,Mooring,rmooringqn@gmpg.org,Male,226.124.59.70
961,Constantino,Stenning,cstenningqo@wordpress.org,Male,219.53.6.194
962,Friedrich,Benoiton,fbenoitonqp@gizmodo.com,Male,41.112.178.91
963,Adaline,Brittan,abrittanqq@over-blog.com,Female,96.44.82.178
964,Ramon,Humphries,rhumphriesqr@nyu.edu,Male,81.188.183.33
965,Adair,Shuttlewood,ashuttlewoodqs@tiny.cc,Male,133.111.138.22
966,Kore,Schnieder,kschniederqt@dell.com,Female,156.75.83.140
967,Tandi,Smewing,tsmewingqu@netvibes.com,Bigender,208.9.22.136
968,Brianne,Boyse,bboyseqv@ca.gov,Female,26.140.233.61
969,Nada,Stitle,nstitleqw@opera.com,Female,112.145.126.185
970,Ivory,Barbier,ibarbierqx@patch.com,Female,113.75.211.77
971,Lisa,Raspin,lraspinqy@webmd.com,Female,152.94.233.162
972,Alric,Powers,apowersqz@e-recht24.de,Male,195.190.186.142
973,Julianne,Kinig,jkinigr0@globo.com,Female,128.40.241.112
974,Orrin,Mattingly,omattinglyr1@dedecms.com,Male,191.25.86.148
975,Wilek,McPartlin,wmcpartlinr2@who.int,Male,55.179.155.234
976,Daniele,Lambert-Ciorwyn,dlambertciorwynr3@mit.edu,Female,8.248.70.34
977,Hadleigh,Booy,hbooyr4@cloudflare.com,Male,116.146.227.41
978,Gael,Sterrick,gsterrickr5@smh.com.au,Female,170.234.215.34
979,Luciano,Sooper,lsooperr6@istockphoto.com,Male,166.158.66.14
980,Dom,Haigh,dhaighr7@unicef.org,Male,66.29.85.136
981,Janina,Hanna,jhannar8@drupal.org,Female,254.97.108.145
982,Shannon,Nannoni,snannonir9@marketwatch.com,Male,103.111.97.187
983,Reg,Goodboddy,rgoodboddyra@lulu.com,Male,33.205.118.74
984,Pammi,Crowcum,pcrowcumrb@forbes.com,Female,196.14.161.39
985,Joeann,Lapworth,jlapworthrc@nyu.edu,Bigender,16.86.214.132
986,Beryl,Squibbs,bsquibbsrd@amazon.co.jp,Female,24.214.142.194
987,Lorelle,Percifull,lpercifullre@amazon.co.uk,Female,86.114.202.105
988,Baxie,Brownsea,bbrownsearf@shutterfly.com,Male,145.164.206.223
989,Zane,Georgi,zgeorgirg@cocolog-nifty.com,Male,49.200.28.73
990,Lorin,Slade,lsladerh@marriott.com,Male,51.211.243.122
991,Ezmeralda,Pearsall,epearsallri@cmu.edu,Female,249.132.160.252
992,Perkin,Eddowis,peddowisrj@microsoft.com,Male,139.173.62.171
993,Fabe,Adnet,fadnetrk@state.tx.us,Male,10.212.152.189
994,Hurley,Philipp,hphilipprl@bloomberg.com,Male,43.140.208.89
995,Reube,Norway,rnorwayrm@nytimes.com,Male,187.159.185.161
996,Raul,Davidovicz,rdavidoviczrn@bbb.org,Male,171.244.217.158
997,Olivette,Paulino,opaulinoro@gov.uk,Female,182.166.86.207
998,Travers,Brouncker,tbrounckerrp@gizmodo.com,Male,23.202.242.187
999,Donica,Neenan,dneenanrq@boston.com,Female,197.165.114.73
1000,Finley,Cay,fcayrr@constantcontact.com,Male,116.81.10.255
