id,first_name,last_name,email,gender,ip_address
1,Cort,Hartman,chartman0@weibo.com,Male,197.164.203.249
2,Gibbie,Reagan,greagan1@hatena.ne.jp,Male,179.178.7.175
3,Ashly,Jellico,ajellico2@photobucket.com,Female,196.55.29.190
4,Jacklin,Ech,jech3@histats.com,Female,201.57.217.129
5,Rodrick,Cater,rcater4@blogtalkradio.com,Male,51.223.229.82
6,Dynah,Barthelet,dbarthelet5@census.gov,Female,212.190.76.128
7,Belle,Mower,bmower6@tripod.com,Female,239.4.50.46
8,Perry,Porcas,pporcas7@live.com,Female,169.178.199.32
9,Aube,Mongan,amongan8@microsoft.com,Male,66.191.225.173
10,Katheryn,McMinn,kmcminn9@cbc.ca,Female,14.63.223.107
11,Cal,Tieraney,ctieraneya@patch.com,Genderqueer,50.32.203.195
12,Teodorico,Klehn,tklehnb@myspace.com,Male,233.204.100.199
13,Fred,Palethorpe,fpalethorpec@ca.gov,Female,80.106.167.21
14,Glynda,Palfreyman,gpalfreymand@bloomberg.com,Female,233.18.201.11
15,Vere,Merrigans,vmerriganse@cbsnews.com,Female,67.66.133.187
16,Robin,Bynert,rbynertf@weibo.com,Male,23.144.29.56
17,Collette,McSparran,cmcsparrang@usnews.com,Female,200.64.175.99
18,Addie,Blethin,ablethinh@epa.gov,Male,162.213.141.22
19,Kesley,Muff,kmuffi@ca.gov,Female,166.66.221.54
20,Valina,Ingleston,vinglestonj@google.fr,Polygender,238.124.126.172
21,Tommie,Townend,ttownendk@list-manage.com,Female,146.59.137.202
22,Kellen,Barritt,kbarrittl@google.com,Female,86.34.24.151
23,Ruben,Sterling,rsterlingm@bandcamp.com,Male,141.221.194.108
24,Leshia,Attack,lattackn@vimeo.com,Female,117.176.1.63
25,Caldwell,Blazej,cblazejo@tumblr.com,Male,150.211.88.38
26,Zita,Renol,zrenolp@t-online.de,Female,87.34.55.114
27,Hanson,Mackness,hmacknessq@unc.edu,Male,48.154.38.129
28,Cordey,Champneys,cchampneysr@csmonitor.com,Female,71.69.140.7
29,Heidie,Parkhouse,hparkhouses@hubpages.com,Female,68.5.19.69
30,Karola,Dundon,kdundont@paginegialle.it,Female,165.183.183.211
31,Langston,Lightowlers,llightowlersu@illinois.edu,Male,164.149.23.155
32,Elden,Lots,elotsv@cnn.com,Male,158.122.156.209
33,Carita,Toxell,ctoxellw@nature.com,Female,183.148.29.206
34,Nessi,Walthew,nwalthewx@imgur.com,Bigender,27.179.179.83
35,Theodosia,Zmitrovich,tzmitrovichy@miitbeian.gov.cn,Female,94.201.175.199
36,Reynold,Dorricott,rdorricottz@meetup.com,Male,116.28.47.220
37,Francesca,Padley,fpadley10@bluehost.com,Female,8.74.166.92
38,Beatrice,Ivankov,bivankov11@ucsd.edu,Female,174.153.118.247
39,Evin,Jannings,ejannings12@dmoz.org,Male,164.42.111.231
40,Diego,Zelner,dzelner13@ustream.tv,Male,194.255.116.115
41,Dal,Lazenbury,dlazenbury14@nps.gov,Male,76.60.1.106
42,Abba,MacAnelley,amacanelley15@latimes.com,Male,7.97.155.222
43,Dilan,Callister,dcallister16@fc2.com,Male,61.79.209.244
44,Justis,Piatkow,jpiatkow17@moonfruit.com,Male,235.248.119.140
45,Erinna,Ingerman,eingerman18@omniture.com,Female,159.173.7.165
46,Hallie,McGuffog,hmcguffog19@bbb.org,Female,12.240.29.173
47,Chelsae,Cestard,ccestard1a@stanford.edu,Female,19.186.31.155
48,Edward,Alldridge,ealldridge1b@nymag.com,Male,207.45.122.24
49,Sonni,Bastie,sbastie1c@reddit.com,Female,93.179.199.10
50,Ad,Stodart,astodart1d@businesswire.com,Male,211.171.200.224
51,Lorie,Polding,lpolding1e@elegantthemes.com,Female,61.248.30.51
52,Ravi,Rathborne,rrathborne1f@uol.com.br,Male,236.70.128.164
53,Harman,Tellenbroker,htellenbroker1g@ow.ly,Male,126.133.22.107
54,Shawn,Towndrow,stowndrow1h@nhs.uk,Male,143.31.130.193
55,Hildagarde,Larvin,hlarvin1i@salon.com,Female,255.41.41.103
56,Herve,Deal,hdeal1j@nydailynews.com,Male,201.0.97.254
57,Gwyn,Ravenhill,gravenhill1k@rambler.ru,Female,255.129.61.66
58,Hazel,Huguet,hhuguet1l@ustream.tv,Male,216.188.82.77
59,Jasun,Cricket,jcricket1m@narod.ru,Male,130.214.86.36
60,Nils,Askew,naskew1n@foxnews.com,Male,10.24.113.174
61,Ferguson,Edler,fedler1o@github.io,Male,140.146.195.28
62,Juliette,Crutchfield,jcrutchfield1p@last.fm,Female,89.222.32.59
63,Dru,Snowman,dsnowman1q@samsung.com,Male,216.71.244.77
64,Hank,Rockey,hrockey1r@cdc.gov,Male,240.45.178.33
65,Thornton,Grain,tgrain1s@harvard.edu,Male,231.22.179.203
66,Lavina,Obeney,lobeney1t@hibu.com,Female,67.229.125.177
67,Denys,Weeds,dweeds1u@comcast.net,Female,31.33.185.248
68,Tessy,Spragg,tspragg1v@smh.com.au,Female,91.222.202.147
69,Loydie,Rens,lrens1w@fda.gov,Male,124.154.99.219
70,Wyatt,Bassindale,wbassindale1x@elegantthemes.com,Male,166.192.188.175
71,Tierney,Gitsham,tgitsham1y@freewebs.com,Female,201.91.31.49
72,Violet,Rentoll,vrentoll1z@yahoo.com,Female,53.162.95.16
73,Clem,Gladman,cgladman20@ycombinator.com,Female,136.25.120.131
74,Cyril,Liddle,cliddle21@princeton.edu,Male,45.254.115.147
75,Ardis,Lobell,alobell22@scientificamerican.com,Genderfluid,34.97.170.75
76,Napoleon,Eaton,neaton23@ovh.net,Male,193.204.116.46
77,Marlyn,Hinrichsen,mhinrichsen24@boston.com,Non-binary,45.93.237.191
78,Cristobal,Apfelmann,capfelmann25@issuu.com,Male,31.163.68.208
79,Mel,Czapla,mczapla26@nsw.gov.au,Female,215.72.13.180
80,Sheffie,Handrok,shandrok27@macromedia.com,Male,122.222.155.245
81,Nolly,Mogey,nmogey28@deviantart.com,Non-binary,241.78.176.124
82,Zolly,Bravery,zbravery29@alexa.com,Non-binary,249.0.70.2
83,August,Nicklin,anicklin2a@cbslocal.com,Male,41.123.10.190
84,Jsandye,Maddocks,jmaddocks2b@irs.gov,Female,118.224.136.94
85,Steffie,Swalwel,sswalwel2c@multiply.com,Female,200.58.86.4
86,Kala,Eyckel,keyckel2d@slate.com,Female,10.227.128.154
87,Claire,Cane,ccane2e@gravatar.com,Genderfluid,228.53.128.48
88,Carlie,Milton-White,cmiltonwhite2f@goo.ne.jp,Male,249.77.52.251
89,Calley,Bourner,cbourner2g@illinois.edu,Agender,207.48.202.46
90,Guenna,Aitchinson,gaitchinson2h@imgur.com,Female,55.150.192.196
91,Shelbi,Sandland,ssandland2i@odnoklassniki.ru,Female,68.164.139.134
92,Basile,Womersley,bwomersley2j@jigsy.com,Male,134.207.159.61
93,Orland,Jakeman,ojakeman2k@clickbank.net,Male,182.148.178.106
94,Jodi,Derobert,jderobert2l@sogou.com,Female,5.34.122.21
95,Khalil,Mila,kmila2m@army.mil,Male,191.206.103.73
96,Silvie,Purdy,spurdy2n@mozilla.com,Female,164.49.194.20
97,Mercie,Garnar,mgarnar2o@plala.or.jp,Female,240.216.174.132
98,Rowney,Creddon,rcreddon2p@sciencedirect.com,Non-binary,154.193.227.28
99,Hasty,Rosenau,hrosenau2q@reverbnation.com,Male,104.120.29.25
100,Jo-ann,Luckcuck,jluckcuck2r@alexa.com,Female,212.141.133.31
101,Prent,Seyfart,pseyfart2s@linkedin.com,Male,155.59.8.195
102,Alleyn,Chavez,achavez2t@oracle.com,Non-binary,22.143.241.48
103,Sybille,MacEllen,smacellen2u@discuz.net,Female,90.252.112.94
104,Douglas,Bewick,dbewick2v@wordpress.com,Male,36.100.94.4
105,Galen,Ferraresi,gferraresi2w@plala.or.jp,Male,252.79.187.12
106,Valencia,Howat,vhowat2x@gmpg.org,Female,237.214.188.56
107,Kelvin,McAuliffe,kmcauliffe2y@stumbleupon.com,Male,208.143.62.0
108,Farrel,Pingston,fpingston2z@go.com,Male,101.55.149.105
109,Barry,Sussams,bsussams30@homestead.com,Female,1.13.150.191
110,Maryellen,Aucott,maucott31@techcrunch.com,Female,167.109.31.198
111,Berti,Consterdine,bconsterdine32@bloomberg.com,Male,38.209.100.225
112,Omero,Rice,orice33@eepurl.com,Male,168.135.242.119
113,Kerianne,Tomkys,ktomkys34@macromedia.com,Female,177.218.80.71
114,Amalee,Lagadu,alagadu35@booking.com,Bigender,134.232.61.74
115,Albertine,Beeken,abeeken36@dell.com,Female,29.8.112.203
116,Vida,Mariolle,vmariolle37@exblog.jp,Female,1.4.44.68
117,Taddeusz,Alison,talison38@woothemes.com,Male,159.203.24.135
118,Dieter,Andrick,dandrick39@house.gov,Male,95.129.211.144
119,Petronella,Shawcroft,pshawcroft3a@google.nl,Female,158.69.58.182
120,Munmro,Cowan,mcowan3b@chicagotribune.com,Male,196.38.40.26
121,Salim,Logsdail,slogsdail3c@marketwatch.com,Male,93.64.231.183
122,Meara,Allingham,mallingham3d@mail.ru,Female,171.179.97.50
123,Koralle,Heibl,kheibl3e@amazon.com,Female,161.215.150.146
124,Suzann,Pratten,spratten3f@qq.com,Female,18.126.219.170
125,Marian,Deane,mdeane3g@trellian.com,Female,203.109.172.1
126,Ferd,Gurdon,fgurdon3h@washingtonpost.com,Male,97.137.207.78
127,Sybyl,Danaher,sdanaher3i@nationalgeographic.com,Female,234.227.74.31
128,Roldan,Arthan,rarthan3j@cmu.edu,Male,99.200.167.188
129,Ricky,Olivier,rolivier3k@ning.com,Genderfluid,43.208.159.187
130,Sonja,Pickard,spickard3l@ocn.ne.jp,Female,184.79.100.1
131,Kathie,Ransley,kransley3m@baidu.com,Female,3.13.163.153
132,Sheridan,Klaussen,sklaussen3n@biblegateway.com,Male,148.55.34.67
133,Leonerd,Gilderoy,lgilderoy3o@foxnews.com,Male,113.158.177.0
134,Cyndy,Farrah,cfarrah3p@earthlink.net,Female,44.62.147.157
135,Modestia,McColgan,mmccolgan3q@freewebs.com,Female,180.193.241.129
136,Terrance,California,tcalifornia3r@marketwatch.com,Male,136.253.54.155
137,Ewart,Broggelli,ebroggelli3s@nih.gov,Male,189.76.131.190
138,Jennette,Curlis,jcurlis3t@stanford.edu,Female,183.189.249.249
139,Lorry,Jayume,ljayume3u@plala.or.jp,Male,111.239.104.132
140,Melinda,Sheard,msheard3v@slideshare.net,Female,69.99.244.176
141,Cindelyn,Trye,ctrye3w@sogou.com,Female,56.211.7.211
142,Jacquenette,Tingley,jtingley3x@weather.com,Female,145.103.29.56
143,Poppy,Alcorn,palcorn3y@list-manage.com,Female,42.173.233.93
144,Dino,Powys,dpowys3z@elegantthemes.com,Agender,159.48.180.70
145,Filia,Leon,fleon40@smugmug.com,Female,242.72.230.87
146,Anatol,Selly,aselly41@devhub.com,Male,20.57.162.118
147,Lindie,Wingate,lwingate42@exblog.jp,Female,40.132.134.247
148,Marijn,Frail,mfrail43@state.gov,Agender,18.73.121.215
149,Jobye,Angrove,jangrove44@state.gov,Female,51.91.47.15
150,Opaline,McGown,omcgown45@sciencedaily.com,Female,242.111.28.128
151,Bryant,Aizikovitch,baizikovitch46@bluehost.com,Male,217.45.155.186
152,Letta,O'Driscole,lodriscole47@state.gov,Female,85.254.130.150
153,Drake,Loyd,dloyd48@gov.uk,Male,244.130.171.193
154,Lurleen,Sleney,lsleney49@taobao.com,Female,194.13.238.252
155,Ellsworth,Flipek,eflipek4a@yahoo.com,Male,66.116.55.70
156,Glenn,Burwell,gburwell4b@columbia.edu,Male,176.188.74.84
157,Wallis,Caulcutt,wcaulcutt4c@whitehouse.gov,Male,179.186.25.191
158,Don,Yarmouth,dyarmouth4d@t-online.de,Male,100.242.57.158
159,Butch,Lovie,blovie4e@fema.gov,Agender,37.23.77.59
160,Gay,Harwin,gharwin4f@skyrock.com,Female,115.18.91.145
161,Carlota,Matanin,cmatanin4g@alexa.com,Female,240.153.25.84
162,Job,Dane,jdane4h@webnode.com,Male,141.79.120.42
163,Sybil,Gosdin,sgosdin4i@wikipedia.org,Female,141.42.170.91
164,Duffy,Lappin,dlappin4j@ameblo.jp,Male,149.11.216.2
165,Arlie,McPake,amcpake4k@jimdo.com,Female,192.181.19.131
166,Patric,Cufley,pcufley4l@dyndns.org,Male,189.129.149.113
167,Albina,Whatford,awhatford4m@discovery.com,Female,127.5.152.119
168,Albina,Mettrick,amettrick4n@dot.gov,Female,249.229.98.142
169,Alanah,Crosson,acrosson4o@networksolutions.com,Female,187.53.39.96
170,Andy,Huxtable,ahuxtable4p@xing.com,Male,251.138.137.149
171,Avigdor,Aylwin,aaylwin4q@networksolutions.com,Male,162.8.50.26
172,Hedy,Gyorgy,hgyorgy4r@163.com,Female,67.43.100.139
173,Ailis,Monan,amonan4s@desdev.cn,Female,55.252.104.67
174,Christie,Dowse,cdowse4t@simplemachines.org,Male,123.15.208.221
175,Mil,Hext,mhext4u@angelfire.com,Female,38.195.146.31
176,Kris,Dran,kdran4v@icio.us,Male,77.60.214.78
177,Laverne,Giraudat,lgiraudat4w@usatoday.com,Female,223.199.155.255
178,Gustie,Fergie,gfergie4x@upenn.edu,Female,153.32.160.158
179,Kalie,Stockle,kstockle4y@storify.com,Female,75.103.157.88
180,Reamonn,Pyott,rpyott4z@cargocollective.com,Non-binary,168.238.130.7
181,Earlie,Wait,ewait50@bluehost.com,Male,200.218.10.160
182,Aaron,Saich,asaich51@diigo.com,Male,199.27.124.191
183,Colet,Takos,ctakos52@last.fm,Genderqueer,1.127.229.98
184,Pearline,Pavinese,ppavinese53@hud.gov,Female,146.26.179.218
185,Haley,Evers,hevers54@vkontakte.ru,Agender,221.183.80.127
186,Delly,Knyvett,dknyvett55@goo.ne.jp,Female,188.230.181.254
187,Ludwig,Deetch,ldeetch56@nationalgeographic.com,Male,101.75.199.163
188,Tate,Kingswoode,tkingswoode57@stanford.edu,Male,26.52.222.208
189,Andreas,McEvay,amcevay58@newsvine.com,Male,23.35.114.70
190,Hope,Wilds,hwilds59@networksolutions.com,Female,209.22.80.39
191,Natividad,Rodenburgh,nrodenburgh5a@disqus.com,Female,61.22.189.216
192,Dillie,Ricardon,dricardon5b@wufoo.com,Male,50.80.239.35
193,Marti,Boutwell,mboutwell5c@nymag.com,Female,68.40.95.100
194,Florrie,De Ambrosis,fdeambrosis5d@smh.com.au,Female,172.118.85.104
195,Dal,Sanzio,dsanzio5e@fc2.com,Male,208.21.247.72
196,Pepillo,Piens,ppiens5f@tmall.com,Male,22.22.61.182
197,Henrietta,Cone,hcone5g@usda.gov,Female,110.109.117.85
198,Joyan,Swallow,jswallow5h@nationalgeographic.com,Female,100.107.120.121
199,Kip,Dhillon,kdhillon5i@google.it,Female,67.176.208.194
200,Valaree,Aitchison,vaitchison5j@liveinternet.ru,Female,9.67.224.192
201,Dorothea,Duckham,dduckham5k@nasa.gov,Female,199.132.238.11
202,Adaline,Metcalfe,ametcalfe5l@eventbrite.com,Female,165.82.124.126
203,Dru,Hirche,dhirche5m@springer.com,Female,147.123.229.28
204,Taffy,Fulle,tfulle5n@europa.eu,Female,7.38.149.62
205,Reinhard,Krol,rkrol5o@dion.ne.jp,Male,37.198.161.102
206,Kermie,Petrolli,kpetrolli5p@arizona.edu,Male,217.253.125.191
207,Katya,MacAdam,kmacadam5q@edublogs.org,Female,253.66.218.40
208,Michele,Davys,mdavys5r@miibeian.gov.cn,Male,240.242.234.252
209,Wileen,Gainforth,wgainforth5s@amazon.co.jp,Female,102.216.68.174
210,Godfrey,Cuss,gcuss5t@alibaba.com,Male,107.195.235.14
211,Lyndsie,Ecclestone,lecclestone5u@dmoz.org,Female,246.180.225.129
212,Gradeigh,Rissom,grissom5v@fda.gov,Male,92.36.179.47
213,Riva,Geffen,rgeffen5w@archive.org,Bigender,238.61.173.253
214,Hyatt,Corona,hcorona5x@illinois.edu,Non-binary,208.179.8.78
215,Odell,Barraclough,obarraclough5y@yandex.ru,Male,221.162.69.83
216,Geri,Schollick,gschollick5z@jiathis.com,Female,127.102.73.108
217,Elga,Pagram,epagram60@oracle.com,Female,69.139.89.3
218,Novelia,Canet,ncanet61@com.com,Female,99.102.75.154
219,Dulsea,Piesing,dpiesing62@columbia.edu,Female,152.167.121.133
220,Fonsie,Mattingley,fmattingley63@goo.gl,Male,240.206.17.226
221,Tracey,Harvison,tharvison64@hubpages.com,Male,138.97.127.255
222,Shawn,Housegoe,shousegoe65@tuttocitta.it,Agender,206.8.46.250
223,Cinderella,Veel,cveel66@ftc.gov,Female,111.84.75.242
224,Kali,Slayford,kslayford67@epa.gov,Female,12.213.23.91
225,Sydney,Ghiraldi,sghiraldi68@slideshare.net,Bigender,95.73.241.150
226,Evaleen,Vossgen,evossgen69@usnews.com,Female,186.104.253.163
227,Merrill,Sackett,msackett6a@bbb.org,Male,244.39.231.146
228,Harri,Reany,hreany6b@printfriendly.com,Female,36.248.81.56
229,Allie,Openshaw,aopenshaw6c@blinklist.com,Male,102.230.120.93
230,Joell,Mathieson,jmathieson6d@seattletimes.com,Female,238.35.135.178
231,Catha,Jagiello,cjagiello6e@miibeian.gov.cn,Female,205.16.201.234
232,Isa,Whitwham,iwhitwham6f@example.com,Male,118.142.43.2
233,Silvio,Pinn,spinn6g@who.int,Male,144.252.139.184
234,Blake,Aspole,baspole6h@squidoo.com,Male,39.182.48.49
235,Norine,Gregolotti,ngregolotti6i@yandex.ru,Female,193.107.86.72
236,Christiane,Maylard,cmaylard6j@mac.com,Female,160.233.97.100
237,Mervin,Blyth,mblyth6k@uiuc.edu,Male,95.189.250.206
238,Araldo,Sturton,asturton6l@weather.com,Male,203.122.110.93
239,Artie,Gulliver,agulliver6m@ed.gov,Non-binary,252.67.51.212
240,Hope,Ingram,hingram6n@alexa.com,Female,63.144.43.137
241,Yvor,Drohane,ydrohane6o@netvibes.com,Male,210.247.62.191
242,Homerus,Oxenbury,hoxenbury6p@whitehouse.gov,Male,201.169.212.58
243,Oralle,Keymer,okeymer6q@cdc.gov,Female,7.49.195.146
244,Sidney,Phaup,sphaup6r@kickstarter.com,Male,100.28.20.117
245,Nanete,Iiannone,niiannone6s@twitpic.com,Female,76.247.144.192
246,Salem,Brunotti,sbrunotti6t@csmonitor.com,Male,8.78.178.189
247,Ranique,Gawn,rgawn6u@goo.gl,Polygender,45.231.10.156
248,Lisetta,Ivanenkov,livanenkov6v@elegantthemes.com,Female,51.176.0.110
249,Karie,D'Onisi,kdonisi6w@google.nl,Female,129.63.145.96
250,Gerianna,Burril,gburril6x@nps.gov,Female,121.161.207.43
251,Karola,Sherrott,ksherrott6y@unesco.org,Female,148.218.199.97
252,Donovan,Cornelisse,dcornelisse6z@dion.ne.jp,Male,32.173.9.62
253,Zsa zsa,Glendza,zglendza70@netlog.com,Female,205.254.173.196
254,Rafaelia,Grinikhinov,rgrinikhinov71@spotify.com,Female,9.152.188.174
255,Channa,Edney,cedney72@qq.com,Genderqueer,255.150.163.8
256,Whitaker,Goublier,wgoublier73@tinyurl.com,Male,201.125.24.71
257,Delly,Loalday,dloalday74@qq.com,Female,64.255.245.8
258,Boniface,Goneau,bgoneau75@msn.com,Polygender,55.74.47.239
259,Faustine,Yalden,fyalden76@ted.com,Female,169.206.194.6
260,Conn,Jolliman,cjolliman77@microsoft.com,Male,44.151.52.99
261,Inger,Truin,itruin78@cmu.edu,Male,81.22.216.200
262,Darrin,Risbridge,drisbridge79@telegraph.co.uk,Male,215.19.118.36
263,Bearnard,Shrigley,bshrigley7a@businesswire.com,Genderfluid,161.104.226.88
264,Jeno,MacCarroll,jmaccarroll7b@tripod.com,Male,59.17.62.136
265,Theodor,Ipsly,tipsly7c@artisteer.com,Male,237.104.66.168
266,Joanie,Merryman,jmerryman7d@ifeng.com,Female,90.51.175.0
267,Gayler,Kemmey,gkemmey7e@icq.com,Male,70.96.7.215
268,Anjanette,Hoy,ahoy7f@baidu.com,Female,54.194.141.91
269,Adele,Abrahamsohn,aabrahamsohn7g@wikipedia.org,Female,137.42.7.60
270,Rafe,Eymer,reymer7h@bing.com,Male,206.246.78.197
271,Dallas,Commander,dcommander7i@google.com.br,Male,249.152.151.163
272,Marielle,Tebald,mtebald7j@is.gd,Female,202.152.64.19
273,Francois,D'Oyley,fdoyley7k@rakuten.co.jp,Male,223.80.73.62
274,Verge,Lawly,vlawly7l@wikipedia.org,Male,32.121.199.117
275,Merl,Scading,mscading7m@smh.com.au,Female,167.200.254.211
276,Henrietta,Blood,hblood7n@livejournal.com,Female,51.254.249.57
277,Shara,Tresler,stresler7o@dailymail.co.uk,Female,19.225.225.161
278,Randolf,O'Lenechan,rolenechan7p@xing.com,Male,200.68.120.4
279,Margarette,Henzer,mhenzer7q@fastcompany.com,Female,54.82.208.120
280,Abram,Benezet,abenezet7r@about.com,Male,244.61.218.174
281,Robin,Gollop,rgollop7s@bbb.org,Male,192.184.210.127
282,Maritsa,McHardy,mmchardy7t@constantcontact.com,Female,166.0.130.126
283,Elizabeth,Barlthrop,ebarlthrop7u@feedburner.com,Female,245.156.60.194
284,Koo,Fairlamb,kfairlamb7v@vk.com,Female,103.209.240.36
285,Fleur,Prince,fprince7w@cbslocal.com,Female,207.111.77.31
286,Astrix,McSpirron,amcspirron7x@purevolume.com,Female,127.195.71.249
287,Chandler,Meaders,cmeaders7y@ftc.gov,Male,178.250.95.203
288,Vinson,Sackey,vsackey7z@prnewswire.com,Male,109.40.176.157
289,Kizzee,Fredy,kfredy80@people.com.cn,Female,183.28.75.99
290,Osmond,Bisatt,obisatt81@vinaora.com,Male,199.96.211.177
291,Byrle,Vesco,bvesco82@twitter.com,Polygender,189.44.207.213
292,Roarke,Gyles,rgyles83@narod.ru,Male,151.3.217.155
293,Erik,Mountstephen,emountstephen84@scientificamerican.com,Genderqueer,48.159.199.182
294,Dag,Gogay,dgogay85@cbsnews.com,Male,125.142.9.109
295,Wylie,Tee,wtee86@stumbleupon.com,Male,5.115.105.141
296,Fabiano,Skinn,fskinn87@altervista.org,Male,153.74.177.70
297,Caitlin,Kidsley,ckidsley88@cam.ac.uk,Female,203.41.209.210
298,Shirline,Withull,swithull89@last.fm,Female,5.37.146.118
299,Hedvige,Howerd,hhowerd8a@qq.com,Female,136.225.244.203
300,Lyman,Tortice,ltortice8b@umich.edu,Male,242.228.235.230
301,Hube,Vashchenko,hvashchenko8c@flavors.me,Male,114.11.116.221
302,Sigvard,Harkness,sharkness8d@deliciousdays.com,Male,117.149.66.99
303,Nanete,Turone,nturone8e@canalblog.com,Female,25.15.12.22
304,Rossy,Toffalo,rtoffalo8f@acquirethisname.com,Male,87.59.177.138
305,Dominic,Paradyce,dparadyce8g@princeton.edu,Male,133.146.47.174
306,Cally,Gerardi,cgerardi8h@dailymotion.com,Female,11.233.183.251
307,Heida,Jeaffreson,hjeaffreson8i@cnn.com,Female,145.204.178.111
308,Penny,Brunn,pbrunn8j@tiny.cc,Male,7.57.100.103
309,Filbert,Roizn,froizn8k@nydailynews.com,Male,198.202.47.207
310,Aggie,Duncanson,aduncanson8l@bloomberg.com,Female,27.3.121.51
311,Gustavus,Antonov,gantonov8m@unicef.org,Male,200.114.161.235
312,Saunderson,Romayn,sromayn8n@microsoft.com,Male,82.214.39.132
313,Norman,Arnaudi,narnaudi8o@dion.ne.jp,Male,242.52.130.121
314,Kimberli,Mardall,kmardall8p@nytimes.com,Female,95.93.31.176
315,Rocky,Tale,rtale8q@vinaora.com,Genderfluid,128.246.200.26
316,Danell,Wittke,dwittke8r@independent.co.uk,Female,18.163.126.199
317,Fabio,Drohun,fdrohun8s@flickr.com,Agender,98.200.201.194
318,Benn,Priest,bpriest8t@nature.com,Genderfluid,111.26.130.171
319,Adeline,Martyn,amartyn8u@vkontakte.ru,Female,247.61.74.82
320,Adrien,Caseri,acaseri8v@arizona.edu,Male,28.122.80.100
321,Estrella,Nornable,enornable8w@github.com,Female,239.193.8.32
322,Marje,McGivena,mmcgivena8x@vk.com,Female,21.57.58.42
323,Amelie,Burgin,aburgin8y@ning.com,Female,5.124.186.126
324,Lois,Daughtery,ldaughtery8z@scribd.com,Female,103.156.168.198
325,Gisella,Dran,gdran90@va.gov,Female,177.3.63.140
326,Doretta,Brobyn,dbrobyn91@wired.com,Female,31.42.251.182
327,Brandy,Foukx,bfoukx92@163.com,Male,85.227.148.214
328,Ceil,Junes,cjunes93@fastcompany.com,Female,45.252.42.183
329,Natty,Vaggs,nvaggs94@europa.eu,Female,229.104.161.218
330,Bailey,Sayre,bsayre95@jimdo.com,Male,201.87.192.87
331,Caryl,Ensten,censten96@imgur.com,Male,130.31.135.163
332,Myra,Greatbatch,mgreatbatch97@alexa.com,Female,213.212.3.81
333,Yolanda,Petroulis,ypetroulis98@de.vu,Female,99.14.130.204
334,Alard,Ciccoloi,aciccoloi99@forbes.com,Male,126.18.64.91
335,Goddard,Lalor,glalor9a@noaa.gov,Male,9.250.22.32
336,Van,Prati,vprati9b@si.edu,Female,141.207.237.125
337,Alethea,Skoughman,askoughman9c@paypal.com,Female,220.214.178.49
338,Israel,Desforges,idesforges9d@pbs.org,Male,6.226.49.127
339,Harri,Harrap,hharrap9e@shutterfly.com,Female,226.7.129.116
340,Buck,Kuschke,bkuschke9f@instagram.com,Male,28.99.165.123
341,Granger,MacTeague,gmacteague9g@facebook.com,Male,154.137.79.113
342,Lannie,Shanks,lshanks9h@dion.ne.jp,Male,219.239.236.47
343,Conrad,Skitt,cskitt9i@macromedia.com,Male,208.35.1.11
344,Robin,Eakins,reakins9j@seesaa.net,Male,237.136.26.24
345,Flynn,Plaunch,fplaunch9k@google.nl,Male,78.250.168.137
346,Jase,Kiwitz,jkiwitz9l@loc.gov,Male,243.193.150.241
347,Marmaduke,Simmig,msimmig9m@irs.gov,Male,76.163.194.76
348,Margi,Skelbeck,mskelbeck9n@goo.gl,Female,86.63.85.182
349,Gillian,Polino,gpolino9o@ucoz.com,Female,157.246.145.168
350,Alasdair,Bradane,abradane9p@de.vu,Male,112.70.101.129
351,Ulrika,Otridge,uotridge9q@prlog.org,Female,172.114.41.151
352,Olympia,Puig,opuig9r@tiny.cc,Female,132.203.59.219
353,Betteanne,Lovering,blovering9s@virginia.edu,Female,146.122.21.233
354,Lucila,Clement,lclement9t@angelfire.com,Female,90.132.96.15
355,Edeline,Panks,epanks9u@adobe.com,Female,29.90.57.86
356,Arv,Binden,abinden9v@boston.com,Male,206.66.241.43
357,Bethany,Francescuzzi,bfrancescuzzi9w@yellowpages.com,Female,87.84.128.140
358,Gilbert,Feary,gfeary9x@businesswire.com,Male,96.215.238.26
359,Andreas,Farren,afarren9y@mapquest.com,Male,21.79.10.114
360,Yehudi,Cescoti,ycescoti9z@ca.gov,Male,95.183.79.92
361,Spike,Lory,slorya0@statcounter.com,Non-binary,113.233.235.35
362,Darn,Whitcher,dwhitchera1@opera.com,Male,85.6.103.188
363,Bertram,Boniface,bbonifacea2@va.gov,Male,9.83.159.38
364,Jodi,Duiged,jduigeda3@phoca.cz,Bigender,234.64.178.173
365,Kristyn,Dyment,kdymenta4@jugem.jp,Female,137.79.116.113
366,Giorgia,Haggis,ghaggisa5@about.com,Non-binary,160.62.59.202
367,Adlai,Urien,auriena6@lycos.com,Male,31.211.97.250
368,Rhonda,Danet,rdaneta7@eepurl.com,Female,230.223.81.147
369,Audry,Collyear,acollyeara8@4shared.com,Female,141.214.116.153
370,Hermine,Penni,hpennia9@histats.com,Female,215.61.125.2
371,Laraine,Jorat,ljorataa@devhub.com,Non-binary,6.81.28.133
372,Randi,Purshouse,rpurshouseab@bbb.org,Female,104.14.21.166
373,Dayle,Hirtzmann,dhirtzmannac@rakuten.co.jp,Female,142.153.213.235
374,Irving,Ainley,iainleyad@chron.com,Male,72.105.208.154
375,Avrit,Albrooke,aalbrookeae@trellian.com,Female,218.212.205.180
376,Arch,Haggerty,ahaggertyaf@example.com,Male,235.28.147.92
377,Margeaux,Camilleri,mcamilleriag@kickstarter.com,Female,111.19.120.37
378,Kristofor,Brightling,kbrightlingah@dion.ne.jp,Male,80.254.82.169
379,Hamilton,Kennerley,hkennerleyai@toplist.cz,Male,172.49.97.178
380,Jessy,Grizard,jgrizardaj@utexas.edu,Female,29.160.233.199
381,Hilliary,Kingsland,hkingslandak@howstuffworks.com,Female,246.112.212.83
382,Kile,Clines,kclinesal@reuters.com,Male,255.125.167.229
383,Rutledge,Brideoke,rbrideokeam@tinypic.com,Male,156.27.73.188
384,Aili,Blesdill,ablesdillan@guardian.co.uk,Female,9.87.231.130
385,Kienan,Reynard,kreynardao@seattletimes.com,Male,183.105.3.212
386,Donnajean,Kestian,dkestianap@nhs.uk,Female,122.86.251.168
387,Prent,Ledwidge,pledwidgeaq@webs.com,Male,31.231.46.118
388,Agnella,Covotti,acovottiar@livejournal.com,Female,156.78.252.156
389,Zsa zsa,Jeannenet,zjeannenetas@dot.gov,Female,143.195.163.231
390,Guy,Polycote,gpolycoteat@google.com.br,Male,219.64.128.195
391,Lark,Quidenham,lquidenhamau@mail.ru,Female,89.163.3.115
392,Burlie,Hissett,bhissettav@jimdo.com,Male,222.199.76.35
393,Rosamond,Lillywhite,rlillywhiteaw@blinklist.com,Female,55.134.39.125
394,Noll,Tomovic,ntomovicax@dyndns.org,Male,125.60.102.167
395,Lazarus,Cordelet,lcordeletay@springer.com,Male,94.106.51.10
396,Barclay,Tilio,btilioaz@ihg.com,Male,241.35.47.200
397,Norbie,Longstaff,nlongstaffb0@umich.edu,Male,42.219.167.99
398,Arly,MacArthur,amacarthurb1@dell.com,Female,149.115.215.109
399,Griff,Willis,gwillisb2@pbs.org,Male,101.62.25.189
400,Barbee,Coffey,bcoffeyb3@nhs.uk,Female,98.179.229.35
401,Jessie,Pendrick,jpendrickb4@state.gov,Genderfluid,183.187.104.221
402,Thornie,Simmon,tsimmonb5@spiegel.de,Male,154.45.54.13
403,Winfield,Lethbrig,wlethbrigb6@nymag.com,Male,84.99.47.221
404,Tabb,Ebbs,tebbsb7@addtoany.com,Male,102.195.13.113
405,Rochell,Cocker,rcockerb8@usnews.com,Female,25.203.181.83
406,Amabel,Lumley,alumleyb9@arstechnica.com,Female,215.148.145.47
407,Cary,Waszkiewicz,cwaszkiewiczba@disqus.com,Male,60.20.181.101
408,Putnam,Chidwick,pchidwickbb@yolasite.com,Male,204.242.203.87
409,Jaye,Meier,jmeierbc@thetimes.co.uk,Male,156.145.213.145
410,Palmer,Pepis,ppepisbd@si.edu,Male,69.209.96.35
411,Dorrie,McQuillin,dmcquillinbe@gravatar.com,Female,87.177.201.40
412,Hermon,Frears,hfrearsbf@cbslocal.com,Male,206.25.180.91
413,Donny,Gosney,dgosneybg@digg.com,Female,52.107.137.248
414,Byran,Deehan,bdeehanbh@cyberchimps.com,Male,143.23.243.144
415,Steven,Tembridge,stembridgebi@oakley.com,Male,241.159.143.108
416,Reade,Humpherson,rhumphersonbj@elegantthemes.com,Male,92.218.228.211
417,Faustina,Simenet,fsimenetbk@deliciousdays.com,Agender,164.204.113.52
418,Sarajane,Dutson,sdutsonbl@bravesites.com,Female,198.55.99.45
419,Cullie,Sewall,csewallbm@sina.com.cn,Male,107.60.18.75
420,Ambur,Wysome,awysomebn@spotify.com,Female,89.112.103.105
421,Denys,Ebbens,debbensbo@woothemes.com,Male,220.193.75.5
422,Conni,Polgreen,cpolgreenbp@arizona.edu,Female,80.179.192.109
423,Martino,Hischke,mhischkebq@technorati.com,Male,170.239.246.11
424,Alexandros,Gorey,agoreybr@opera.com,Male,110.36.54.242
425,Rafaelita,Hawick,rhawickbs@unicef.org,Female,140.106.239.86
426,Denny,Vamplers,dvamplersbt@disqus.com,Male,84.235.59.186
427,Camellia,Schowenburg,cschowenburgbu@myspace.com,Female,211.90.167.196
428,Johnna,Picard,jpicardbv@homestead.com,Female,236.90.159.146
429,Avivah,Coveney,acoveneybw@is.gd,Female,235.81.139.220
430,Jennilee,Earp,jearpbx@booking.com,Female,108.46.253.174
431,Hynda,Kubica,hkubicaby@twitpic.com,Female,76.123.173.221
432,Elfrieda,Attenborough,eattenboroughbz@t.co,Female,174.56.194.94
433,Norrie,Ludy,nludyc0@cbc.ca,Female,30.232.238.208
434,Marris,Roscamp,mroscampc1@shinystat.com,Non-binary,6.5.93.36
435,Alexandra,Summerbell,asummerbellc2@cmu.edu,Female,205.87.17.189
436,Georgianna,Bottleson,gbottlesonc3@webnode.com,Female,54.35.196.51
437,Virginie,Dwane,vdwanec4@dmoz.org,Female,237.60.82.199
438,Maure,Cogan,mcoganc5@elpais.com,Female,32.119.182.78
439,Tremayne,Downey,tdowneyc6@reverbnation.com,Male,134.141.246.203
440,Nicolina,Strewthers,nstrewthersc7@hugedomains.com,Female,34.136.126.75
441,Desiree,Full,dfullc8@sakura.ne.jp,Female,36.123.187.149
442,Gal,Guinnane,gguinnanec9@is.gd,Male,177.208.163.54
443,Irena,Pretty,iprettyca@bizjournals.com,Female,26.164.190.52
444,Raffarty,Bowering,rboweringcb@businessweek.com,Male,49.41.165.76
445,Giffy,Roland,grolandcc@addthis.com,Genderfluid,216.89.223.179
446,Virginie,Witherup,vwitherupcd@patch.com,Agender,157.57.0.212
447,Anita,Cook,acookce@wufoo.com,Female,128.165.190.67
448,Sandie,Kimmings,skimmingscf@oracle.com,Female,159.201.209.117
449,Josephina,Tuckett,jtuckettcg@wikipedia.org,Bigender,113.221.13.108
450,Ozzy,Johananov,ojohananovch@histats.com,Male,237.20.14.236
451,Carma,Fladgate,cfladgateci@tamu.edu,Female,219.83.74.40
452,Idelle,Connop,iconnopcj@cbc.ca,Female,65.21.152.193
453,Ethe,Waring,ewaringck@netscape.com,Male,159.24.116.93
454,Lionello,Pryce,lprycecl@cpanel.net,Male,7.209.137.158
455,Sisile,Kolinsky,skolinskycm@nsw.gov.au,Female,177.27.84.11
456,Tabbi,Coverley,tcoverleycn@google.ca,Female,246.157.96.13
457,Nanny,Copeland,ncopelandco@newyorker.com,Female,137.178.55.186
458,Dion,Cossum,dcossumcp@independent.co.uk,Male,221.39.28.46
459,Mamie,Halfhyde,mhalfhydecq@nba.com,Female,9.60.200.93
460,Elfrida,Gradon,egradoncr@cisco.com,Female,204.28.239.221
461,Max,Ferier,mferiercs@chron.com,Female,69.76.227.49
462,Chance,Capewell,ccapewellct@sourceforge.net,Male,123.22.145.7
463,Ann,Casterou,acasteroucu@google.com.hk,Female,223.6.117.138
464,Thurstan,Scutts,tscuttscv@uiuc.edu,Male,143.137.109.213
465,Lawry,Powdrill,lpowdrillcw@webs.com,Male,176.36.225.44
466,Constancia,Hellikes,chellikescx@lulu.com,Female,15.53.245.231
467,Read,Conrath,rconrathcy@sfgate.com,Non-binary,158.74.200.151
468,Cora,Tearle,ctearlecz@squarespace.com,Female,170.240.243.197
469,Skip,Shankle,sshankled0@usa.gov,Male,73.220.118.217
470,Tessy,Pottage,tpottaged1@senate.gov,Female,65.163.216.0
471,Manda,Pulbrook,mpulbrookd2@chicagotribune.com,Female,37.4.122.29
472,Westley,Zink,wzinkd3@prweb.com,Male,95.98.150.164
473,Luis,Dee,ldeed4@ocn.ne.jp,Male,8.161.96.0
474,Patrice,Eason,peasond5@about.me,Male,199.34.205.45
475,Gordy,Gierardi,ggierardid6@pagesperso-orange.fr,Genderqueer,47.194.253.91
476,Stacee,Maliffe,smaliffed7@purevolume.com,Female,106.20.0.74
477,Hester,Coton,hcotond8@mlb.com,Female,79.10.216.103
478,Lazarus,Aikenhead,laikenheadd9@delicious.com,Male,194.162.34.232
479,Yvonne,Crow,ycrowda@bloglines.com,Female,80.119.34.116
480,Constantino,Sheepy,csheepydb@hud.gov,Male,164.74.216.170
481,Lainey,Thornborrow,lthornborrowdc@army.mil,Female,205.43.220.140
482,Ashton,Ragbourn,aragbourndd@cocolog-nifty.com,Male,3.181.95.93
483,Virgie,Emmens,vemmensde@pinterest.com,Female,9.131.118.109
484,Vladamir,Fridd,vfridddf@shareasale.com,Male,67.247.220.213
485,Malvina,Tilt,mtiltdg@businessweek.com,Polygender,230.157.90.250
486,Ange,Rogger,aroggerdh@blinklist.com,Male,204.135.144.225
487,Lou,Cheesley,lcheesleydi@census.gov,Male,87.68.152.132
488,Buiron,Flanner,bflannerdj@about.com,Male,143.229.64.28
489,Brien,Stannering,bstanneringdk@mtv.com,Male,59.0.55.137
490,Mei,Kedwell,mkedwelldl@blinklist.com,Female,13.118.89.231
491,Noelyn,Tongue,ntonguedm@scribd.com,Genderfluid,34.156.206.196
492,Edvard,Kaines,ekainesdn@arstechnica.com,Male,203.42.250.177
493,Chane,Mace,cmacedo@addthis.com,Male,23.241.178.122
494,Ashlen,Bernardini,abernardinidp@jiathis.com,Female,58.55.41.86
495,Benjamin,Rapo,brapodq@java.com,Male,74.243.221.30
496,Elaine,Venditto,evendittodr@amazon.co.jp,Female,157.68.56.238
497,Arny,Conneau,aconneauds@uol.com.br,Male,55.235.136.30
498,Law,MacGilfoyle,lmacgilfoyledt@mozilla.com,Male,136.23.197.190
499,Gibb,Prop,gpropdu@si.edu,Male,34.36.200.209
500,Robert,Sturman,rsturmandv@huffingtonpost.com,Male,152.85.51.221
501,Dick,Waulker,dwaulkerdw@bizjournals.com,Male,219.225.39.152
502,Gisela,Cloney,gcloneydx@dell.com,Female,171.235.184.53
503,Janey,Gerbl,jgerbldy@sakura.ne.jp,Female,103.9.97.127
504,Dyna,Croxton,dcroxtondz@bandcamp.com,Female,8.71.119.36
505,Paolo,Rignall,prignalle0@shutterfly.com,Male,155.134.165.123
506,Emlynne,Vales,evalese1@nhs.uk,Female,230.87.50.19
507,Osmond,Ewestace,oewestacee2@discuz.net,Male,36.217.81.184
508,Nester,Igonet,nigonete3@prnewswire.com,Male,82.144.217.172
509,Brent,Larret,blarrete4@zimbio.com,Male,59.245.153.223
510,Albie,Morrice,amorricee5@time.com,Male,133.145.44.152
511,Peggi,Foye,pfoyee6@yellowbook.com,Female,152.68.129.229
512,Hewett,Dubbin,hdubbine7@symantec.com,Male,49.159.144.227
513,Shepard,Belham,sbelhame8@biblegateway.com,Male,204.54.219.187
514,Inez,Grestie,igrestiee9@ucla.edu,Female,33.41.68.197
515,Gerianne,Worssam,gworssamea@howstuffworks.com,Female,38.172.103.35
516,Austin,Artingstall,aartingstalleb@chronoengine.com,Bigender,111.132.134.139
517,Meredith,Foxhall,mfoxhallec@yahoo.co.jp,Male,162.248.124.74
518,Milli,Godden,mgoddened@jiathis.com,Polygender,218.114.13.158
519,Jess,Felkin,jfelkinee@patch.com,Male,97.121.114.43
520,Henderson,Bottomore,hbottomoreef@github.io,Male,79.52.17.124
521,Missie,Trelevan,mtrelevaneg@vinaora.com,Female,7.244.233.19
522,Mathilde,Seeds,mseedseh@addthis.com,Female,48.202.28.27
523,Elwood,McHaffy,emchaffyei@google.it,Male,168.217.72.62
524,Mycah,Skotcher,mskotcherej@apache.org,Male,174.98.206.181
525,Enrichetta,Pattini,epattiniek@icio.us,Polygender,91.124.94.64
526,Oswald,Fasson,ofassonel@sakura.ne.jp,Male,220.22.58.209
527,Cindy,Dymock,cdymockem@si.edu,Female,61.221.190.164
528,Brant,Spittle,bspittleen@vkontakte.ru,Male,92.252.222.146
529,Jennifer,Runchman,jrunchmaneo@xrea.com,Female,127.202.224.91
530,Norris,Custance,ncustanceep@cyberchimps.com,Non-binary,214.24.52.64
531,Cyndy,MacKill,cmackilleq@opera.com,Female,194.189.165.33
532,Pierson,Howford,phowforder@edublogs.org,Male,61.89.66.38
533,Cirstoforo,Corran,ccorranes@nih.gov,Male,159.88.235.79
534,Pietro,Bygrave,pbygraveet@printfriendly.com,Male,92.46.60.142
535,Corabelle,Laybourne,claybourneeu@goo.ne.jp,Female,61.110.196.230
536,Malina,Mixter,mmixterev@prlog.org,Female,194.135.141.60
537,Lucine,Clackers,lclackersew@umn.edu,Female,110.236.19.96
538,Pepe,Gotmann,pgotmannex@desdev.cn,Male,146.203.104.77
539,Jena,Scarlon,jscarloney@utexas.edu,Female,113.34.125.209
540,Georgie,McGaughay,gmcgaughayez@smh.com.au,Male,175.207.177.194
541,Alisun,Godly,agodlyf0@abc.net.au,Female,223.158.53.92
542,Arel,Bartolomeo,abartolomeof1@twitpic.com,Male,61.60.118.198
543,Lind,Hardwich,lhardwichf2@ucla.edu,Male,42.208.172.150
544,Dixie,Leiden,dleidenf3@loc.gov,Female,250.113.248.102
545,El,Howley,ehowleyf4@ustream.tv,Male,240.175.36.70
546,Cissy,Leathley,cleathleyf5@apple.com,Female,101.41.227.175
547,Alis,Plastow,aplastowf6@facebook.com,Female,170.221.128.188
548,Crawford,Witts,cwittsf7@google.de,Male,69.152.125.153
549,Kaile,Flippini,kflippinif8@blog.com,Female,26.242.186.90
550,Vida,Raggatt,vraggattf9@virginia.edu,Female,65.179.55.115
551,Eward,Ivanaev,eivanaevfa@webmd.com,Male,82.223.15.200
552,Miner,Millott,mmillottfb@accuweather.com,Male,183.117.83.93
553,Joane,Matuszkiewicz,jmatuszkiewiczfc@creativecommons.org,Female,186.87.175.239
554,Hart,Cleghorn,hcleghornfd@google.pl,Male,98.223.162.245
555,Udale,Grunson,ugrunsonfe@ftc.gov,Male,150.86.156.146
556,Stephenie,Barnardo,sbarnardoff@bbc.co.uk,Female,63.223.202.31
557,Edy,D'Alessio,edalessiofg@arstechnica.com,Agender,135.82.238.214
558,Molly,Stilwell,mstilwellfh@globo.com,Female,147.233.58.217
559,Sutherlan,McBride,smcbridefi@wiley.com,Male,54.24.103.81
560,Holt,Mewha,hmewhafj@de.vu,Male,5.130.180.166
561,Mada,Penberthy,mpenberthyfk@pagesperso-orange.fr,Female,129.196.60.170
562,Geraldine,Cicco,gciccofl@goo.gl,Female,221.11.138.60
563,Garrott,Escreet,gescreetfm@answers.com,Male,234.37.120.18
564,Geneva,Gurge,ggurgefn@alexa.com,Female,73.107.35.36
565,Chip,Batchelor,cbatchelorfo@buzzfeed.com,Male,37.40.167.172
566,Diane-marie,Ritchman,dritchmanfp@smugmug.com,Non-binary,190.79.65.86
567,Norby,Royal,nroyalfq@xrea.com,Male,100.204.147.0
568,Gladys,Budik,gbudikfr@github.com,Female,234.52.255.55
569,Addia,Fleetwood,afleetwoodfs@ask.com,Female,114.136.147.95
570,Micheline,Heyfield,mheyfieldft@oakley.com,Genderfluid,160.176.239.41
571,Frieda,Kench,fkenchfu@intel.com,Female,10.157.39.121
572,Nehemiah,Trevance,ntrevancefv@google.it,Male,215.38.64.171
573,Jena,Espasa,jespasafw@va.gov,Female,23.230.174.74
574,Alexia,Marvelley,amarvelleyfx@qq.com,Female,254.186.17.186
575,Melvin,Whitsun,mwhitsunfy@soup.io,Male,68.131.209.229
576,Alec,Salkeld,asalkeldfz@columbia.edu,Male,135.110.155.113
577,Arvie,Bramley,abramleyg0@harvard.edu,Male,63.173.111.229
578,Pamella,Mc-Kerley,pmckerleyg1@purevolume.com,Female,177.246.138.250
579,Bobine,Edelmann,bedelmanng2@techcrunch.com,Female,161.32.239.214
580,Kinny,Schoenleiter,kschoenleiterg3@chronoengine.com,Male,28.127.160.88
581,Emmy,Deaville,edeavilleg4@dot.gov,Male,230.5.40.103
582,Tab,Lillicrap,tlillicrapg5@epa.gov,Male,8.122.79.189
583,Delphinia,Lawranson,dlawransong6@java.com,Genderqueer,218.166.85.103
584,Sibella,McMeeking,smcmeekingg7@surveymonkey.com,Female,58.244.223.88
585,Bret,Ferrettini,bferrettinig8@nbcnews.com,Male,154.217.21.123
586,Loree,McCay,lmccayg9@goo.gl,Female,129.248.146.117
587,Demetre,Spinage,dspinagega@oracle.com,Male,19.9.1.133
588,Burgess,Brogden,bbrogdengb@github.com,Male,251.241.213.1
589,Louie,Frissell,lfrissellgc@ucla.edu,Male,2.173.70.4
590,Shurlocke,Ciciari,sciciarigd@state.gov,Bigender,144.125.158.215
591,Midge,Waadenburg,mwaadenburgge@yahoo.co.jp,Female,162.165.58.30
592,Forest,Dollar,fdollargf@weather.com,Male,43.143.132.226
593,Calhoun,Kilmartin,ckilmartingg@gravatar.com,Agender,89.192.59.116
594,Levi,Gascone,lgasconegh@myspace.com,Male,136.124.6.119
595,Katleen,Tongs,ktongsgi@reddit.com,Non-binary,50.9.115.47
596,Nichol,Brugsma,nbrugsmagj@taobao.com,Female,143.17.9.154
597,Salomon,Fitzsymons,sfitzsymonsgk@amazonaws.com,Male,31.244.203.237
598,Hinze,O'Scanlon,hoscanlongl@ameblo.jp,Male,124.169.174.239
599,Callean,Labet,clabetgm@npr.org,Male,251.246.110.174
600,Theodoric,Binstead,tbinsteadgn@naver.com,Non-binary,139.8.174.102
601,Ingra,Tunnow,itunnowgo@phoca.cz,Male,0.26.145.166
602,Ashby,Docksey,adockseygp@mashable.com,Male,60.231.200.152
603,Mellisa,Konzel,mkonzelgq@pen.io,Female,79.147.227.219
604,Babbette,Becarra,bbecarragr@toplist.cz,Female,93.123.185.197
605,Ernst,Shyram,eshyramgs@buzzfeed.com,Male,162.14.171.205
606,Terry,Jeanel,tjeanelgt@ca.gov,Male,242.234.16.57
607,Traci,Kose,tkosegu@pagesperso-orange.fr,Female,92.48.251.29
608,Muffin,Casson,mcassongv@gov.uk,Male,217.16.185.23
609,Archibold,Rushton,arushtongw@blogtalkradio.com,Male,203.3.189.184
610,Niccolo,Rickhuss,nrickhussgx@scribd.com,Male,205.125.162.217
611,Celestyna,Windmill,cwindmillgy@weibo.com,Genderfluid,194.218.137.99
612,Ricki,Philson,rphilsongz@pen.io,Male,109.239.64.137
613,Carr,Ledgerton,cledgertonh0@house.gov,Male,202.229.100.186
614,Ker,Sheldon,ksheldonh1@woothemes.com,Polygender,153.248.239.106
615,Bette-ann,Frankcombe,bfrankcombeh2@tmall.com,Female,244.124.219.116
616,Kippar,Huburn,khuburnh3@123-reg.co.uk,Male,137.126.156.145
617,Carol-jean,Spaldin,cspaldinh4@noaa.gov,Female,157.204.137.217
618,Noella,Trowler,ntrowlerh5@dyndns.org,Female,74.224.157.197
619,Jeri,Kittless,jkittlessh6@google.co.uk,Female,155.17.241.160
620,Chrysa,Izakof,cizakofh7@hp.com,Female,99.36.134.157
621,Yetta,Puvia,ypuviah8@latimes.com,Female,87.221.66.55
622,Nadiya,Masterton,nmastertonh9@vistaprint.com,Female,190.82.167.117
623,Laird,Disney,ldisneyha@phpbb.com,Male,203.165.115.250
624,Konstantin,Blackborne,kblackbornehb@marriott.com,Male,98.140.13.159
625,Carlye,Jamot,cjamothc@earthlink.net,Female,203.109.49.79
626,Sallyanne,Wanklin,swanklinhd@ask.com,Female,252.201.207.214
627,Vivianne,Geely,vgeelyhe@sun.com,Female,37.236.130.68
628,Kitty,Boulde,kbouldehf@sakura.ne.jp,Female,240.63.227.66
629,Eal,Dannell,edannellhg@gov.uk,Male,92.138.140.36
630,Linc,Basilio,lbasiliohh@vimeo.com,Male,215.190.56.169
631,Del,Avrahamoff,davrahamoffhi@seattletimes.com,Female,240.215.151.209
632,Boony,Baraclough,bbaracloughhj@mediafire.com,Male,194.141.246.78
633,Eva,McCutheon,emccutheonhk@miitbeian.gov.cn,Female,54.131.241.0
634,Bent,Haseldine,bhaseldinehl@elegantthemes.com,Male,112.230.147.40
635,Carling,Molfino,cmolfinohm@google.com.au,Male,63.141.113.211
636,Sherline,Konertz,skonertzhn@free.fr,Female,166.110.117.218
637,Rudd,Glennie,rglennieho@blogs.com,Male,168.27.249.147
638,Sydney,Smithies,ssmithieshp@tuttocitta.it,Female,178.24.190.123
639,Brannon,Trotter,btrotterhq@etsy.com,Male,135.165.95.162
640,Tonie,Awton,tawtonhr@msn.com,Female,142.97.190.97
641,Jazmin,Axcel,jaxcelhs@cargocollective.com,Female,217.215.243.171
642,Everard,Jeffryes,ejeffryesht@csmonitor.com,Male,226.146.91.180
643,Gawain,Fraine,gfrainehu@youku.com,Male,121.30.176.154
644,Jimmy,Maeer,jmaeerhv@nature.com,Male,121.140.199.33
645,Melisa,Colecrough,mcolecroughhw@nba.com,Female,154.143.238.29
646,Maria,Kewzick,mkewzickhx@hexun.com,Female,99.229.113.168
647,Job,Glas,jglashy@booking.com,Male,8.108.82.153
648,Millisent,Burney,mburneyhz@bbb.org,Female,233.224.223.187
649,Lanna,Wannell,lwannelli0@lulu.com,Female,176.42.254.23
650,Jessey,Le Noire,jlenoirei1@japanpost.jp,Male,113.238.149.98
651,Rem,Hickinbottom,rhickinbottomi2@hostgator.com,Male,83.173.229.220
652,Dallis,Syer,dsyeri3@businessweek.com,Male,38.245.43.140
653,Pauly,Grinham,pgrinhami4@shinystat.com,Male,6.201.79.139
654,Jaclyn,Antuoni,jantuonii5@uiuc.edu,Female,31.211.86.216
655,Gilburt,Tynnan,gtynnani6@parallels.com,Male,49.23.202.232
656,Hy,Mulmuray,hmulmurayi7@t-online.de,Male,201.133.6.251
657,Shane,Need,sneedi8@accuweather.com,Male,242.15.4.229
658,Greer,Cluet,gclueti9@pbs.org,Female,226.66.156.129
659,Hussein,Howroyd,hhowroydia@prlog.org,Male,66.224.152.252
660,Corinne,Fer,cferib@shutterfly.com,Female,201.102.41.37
661,West,Curnok,wcurnokic@bbc.co.uk,Male,160.132.145.217
662,Pete,Feechan,pfeechanid@comsenz.com,Male,55.152.230.43
663,Donnie,McAlester,dmcalesterie@w3.org,Female,6.228.62.255
664,Hansiain,Bennett,hbennettif@intel.com,Male,96.74.112.32
665,Adrianna,MacSween,amacsweenig@arstechnica.com,Female,100.177.15.172
666,Cammy,Benedtti,cbenedttiih@newyorker.com,Male,109.163.199.103
667,Bertha,Swinfen,bswinfenii@noaa.gov,Female,172.63.127.35
668,Hilde,MacKeever,hmackeeverij@tamu.edu,Female,13.103.0.246
669,Linell,Blew,lblewik@wordpress.org,Polygender,252.76.94.21
670,Annabella,Stormont,astormontil@1688.com,Female,99.133.251.1
671,Gaston,Farnaby,gfarnabyim@furl.net,Male,239.222.199.10
672,Monro,Twinning,mtwinningin@cbslocal.com,Male,127.118.125.89
673,Brooks,Brisson,bbrissonio@boston.com,Male,37.101.108.3
674,Luke,Pennrington,lpennringtonip@columbia.edu,Male,171.208.224.204
675,Ashlen,Garrit,agarritiq@sohu.com,Female,109.173.120.40
676,Henderson,Boyen,hboyenir@exblog.jp,Male,33.82.203.254
677,Howie,Krzyzowski,hkrzyzowskiis@mit.edu,Male,39.175.188.56
678,Tann,McLernon,tmclernonit@chron.com,Male,1.31.234.117
679,Cullie,Crippes,ccrippesiu@eventbrite.com,Male,205.134.175.117
680,Aurelea,Baddoe,abaddoeiv@princeton.edu,Female,134.212.59.110
681,Marcello,Buck,mbuckiw@163.com,Male,253.91.153.99
682,Adolphus,Riggoll,ariggollix@liveinternet.ru,Male,240.164.13.48
683,Alfy,McGauhy,amcgauhyiy@reuters.com,Male,207.142.244.123
684,Ronald,Harbinson,rharbinsoniz@mozilla.com,Male,179.157.18.120
685,Clarisse,MacCarter,cmaccarterj0@house.gov,Bigender,237.218.63.80
686,Lammond,McCray,lmccrayj1@wiley.com,Male,130.70.217.200
687,Torrin,Sinclar,tsinclarj2@eepurl.com,Male,88.116.203.104
688,Lowell,Braney,lbraneyj3@canalblog.com,Male,110.162.34.30
689,Ewart,Saffe,esaffej4@infoseek.co.jp,Male,146.34.166.45
690,Ami,O'Criane,aocrianej5@webeden.co.uk,Female,240.191.133.77
691,Keriann,Merwe,kmerwej6@alibaba.com,Female,1.121.98.13
692,Penn,Jepp,pjeppj7@paypal.com,Male,86.108.120.91
693,Cirilo,Heather,cheatherj8@github.io,Male,194.37.7.226
694,Hunter,Littlechild,hlittlechildj9@wordpress.org,Male,229.159.208.67
695,Augustine,Collishaw,acollishawja@arizona.edu,Female,57.117.169.55
696,Gwennie,Chatten,gchattenjb@unblog.fr,Female,71.116.61.180
697,Lynne,Facchini,lfacchinijc@gravatar.com,Female,193.198.50.223
698,Kipp,Husset,khussetjd@altervista.org,Male,38.38.62.27
699,Ara,Baumadier,abaumadierje@plala.or.jp,Female,248.133.178.216
700,Blinnie,Houlson,bhoulsonjf@google.es,Female,196.43.152.157
701,Stacy,Skpsey,sskpseyjg@wufoo.com,Male,20.241.29.190
702,Janek,Hacquel,jhacqueljh@house.gov,Male,143.213.217.237
703,Ogdan,Twentyman,otwentymanji@imdb.com,Male,243.185.205.232
704,Sam,McInerney,smcinerneyjj@earthlink.net,Male,130.13.1.168
705,Jordon,Evason,jevasonjk@icio.us,Male,243.24.188.17
706,Oliy,Feakins,ofeakinsjl@auda.org.au,Female,105.96.22.89
707,Blayne,Eldridge,beldridgejm@loc.gov,Male,80.245.78.195
708,Dolli,Amesbury,damesburyjn@fastcompany.com,Female,239.78.132.115
709,Dominick,Rickson,dricksonjo@latimes.com,Male,79.53.253.75
710,Levey,Kumaar,lkumaarjp@ask.com,Male,199.166.47.18
711,Briney,Markel,bmarkeljq@google.fr,Female,25.45.76.33
712,Dane,Sterzaker,dsterzakerjr@oracle.com,Male,91.161.145.2
713,Sonnnie,Giametti,sgiamettijs@omniture.com,Female,35.124.94.65
714,Windham,Sykora,wsykorajt@ebay.com,Male,18.129.9.100
715,Jacinthe,Sarney,jsarneyju@addthis.com,Female,41.230.74.122
716,Vinson,Blacksell,vblackselljv@reddit.com,Male,219.53.62.254
717,Roze,Glaserman,rglasermanjw@google.de,Female,249.162.20.94
718,Ava,Pryer,apryerjx@phpbb.com,Female,68.59.109.182
719,Hana,Storrier,hstorrierjy@dmoz.org,Female,208.186.148.193
720,Idaline,Wickman,iwickmanjz@marketwatch.com,Female,119.207.171.83
721,Sydelle,Hoffmann,shoffmannk0@goo.ne.jp,Female,243.240.180.198
722,Seamus,Moncur,smoncurk1@meetup.com,Male,72.219.209.235
723,Marys,Gaudon,mgaudonk2@washingtonpost.com,Female,111.201.96.211
724,Almeda,Wattinham,awattinhamk3@google.cn,Female,106.215.95.221
725,Ardyce,Krimmer,akrimmerk4@whitehouse.gov,Female,162.136.178.119
726,Mechelle,Illwell,millwellk5@prweb.com,Female,125.43.149.12
727,Dell,Worboys,dworboysk6@people.com.cn,Female,176.180.33.142
728,Rolando,Haughian,rhaughiank7@theguardian.com,Male,252.34.36.53
729,Terrill,Firidolfi,tfiridolfik8@ning.com,Male,19.224.145.57
730,Saree,Vitet,svitetk9@shinystat.com,Female,58.192.159.176
731,Leanor,Tapson,ltapsonka@marriott.com,Bigender,156.9.162.178
732,Albrecht,Dumphreys,adumphreyskb@barnesandnoble.com,Male,198.41.72.25
733,Devland,Ruddiforth,druddiforthkc@moonfruit.com,Male,151.30.136.229
734,Marlin,Markovich,mmarkovichkd@abc.net.au,Male,242.199.249.163
735,Lucia,Dyche,ldycheke@bloglovin.com,Female,174.143.103.20
736,Locke,Padgett,lpadgettkf@squarespace.com,Male,0.28.222.208
737,Orren,Coultard,ocoultardkg@ibm.com,Male,1.133.112.75
738,Shayla,Hackett,shackettkh@wix.com,Female,65.152.99.185
739,Salmon,Kenaway,skenawayki@hatena.ne.jp,Male,137.140.52.172
740,Odelia,Pattie,opattiekj@netscape.com,Female,116.210.232.11
741,Hadlee,Bifield,hbifieldkk@howstuffworks.com,Male,115.200.214.209
742,Melany,Goodier,mgoodierkl@usnews.com,Female,62.167.87.183
743,Alonzo,Perfitt,aperfittkm@aboutads.info,Male,219.53.250.236
744,Magdalen,Drieu,mdrieukn@state.gov,Female,245.179.3.46
745,Claudette,Easun,ceasunko@cmu.edu,Genderqueer,240.91.113.253
746,Berne,Dyble,bdyblekp@xing.com,Male,83.44.230.184
747,Adam,Fullicks,afullickskq@odnoklassniki.ru,Male,45.87.185.241
748,Renaud,Stife,rstifekr@xrea.com,Male,188.130.174.115
749,Andra,Sondland,asondlandks@oakley.com,Female,65.28.105.143
750,Laurel,Niccols,lniccolskt@wisc.edu,Female,59.69.116.103
751,Carri,Veneur,cveneurku@toplist.cz,Female,7.31.86.180
752,Leeann,Martino,lmartinokv@netscape.com,Female,57.174.35.93
753,Britt,Pendlebury,bpendleburykw@google.cn,Male,77.234.171.65
754,Rodolfo,Reuter,rreuterkx@sakura.ne.jp,Male,11.230.70.226
755,Costa,Angood,cangoodky@xrea.com,Male,98.22.56.26
756,Vick,Farris,vfarriskz@answers.com,Male,37.253.218.159
757,Jaime,Oxenbury,joxenburyl0@flickr.com,Female,188.86.106.6
758,Sayres,Earpe,searpel1@squarespace.com,Male,130.181.10.148
759,Herta,Durrett,hdurrettl2@gizmodo.com,Female,99.61.176.141
760,Bran,Leonards,bleonardsl3@free.fr,Male,42.109.252.230
761,Essie,Heyns,eheynsl4@utexas.edu,Genderfluid,142.152.205.126
762,Merrick,Itskovitz,mitskovitzl5@fema.gov,Male,93.159.244.62
763,Wiatt,Proom,wprooml6@mayoclinic.com,Male,207.213.1.99
764,Peirce,Vynarde,pvynardel7@tinypic.com,Male,162.158.206.154
765,Marilyn,Maffy,mmaffyl8@mtv.com,Agender,107.167.215.172
766,Gavin,Zannotti,gzannottil9@mediafire.com,Bigender,23.73.130.116
767,Glen,Guilaem,gguilaemla@live.com,Male,173.218.8.34
768,Arty,Teml,atemllb@phpbb.com,Genderqueer,200.0.174.199
769,Liana,Emmot,lemmotlc@harvard.edu,Female,224.46.100.190
770,Bartholemy,Standbrooke,bstandbrookeld@chicagotribune.com,Male,143.154.27.7
771,Carry,Elsom,celsomle@utexas.edu,Female,133.153.120.183
772,Rourke,Magog,rmagoglf@army.mil,Male,86.142.76.225
773,Suzie,Hackwell,shackwelllg@biblegateway.com,Female,152.142.29.165
774,Bobbie,Bottomley,bbottomleylh@artisteer.com,Male,162.188.34.234
775,Devina,Trimming,dtrimmingli@cbslocal.com,Female,185.26.143.106
776,Rhetta,Wibberley,rwibberleylj@blogs.com,Female,47.50.200.219
777,Jaclyn,Weiner,jweinerlk@webs.com,Female,198.70.132.152
778,Terry,Vonasek,tvonasekll@cdc.gov,Male,254.229.14.106
779,Laura,Woolerton,lwoolertonlm@furl.net,Female,163.4.191.240
780,Calley,MacPeake,cmacpeakeln@japanpost.jp,Female,50.31.202.75
781,Linnie,Gatsby,lgatsbylo@slideshare.net,Female,30.18.245.217
782,Imelda,Redon,iredonlp@aol.com,Female,119.40.91.15
783,Gracie,Chatenet,gchatenetlq@eventbrite.com,Female,249.254.18.214
784,Shep,Shildrake,sshildrakelr@cornell.edu,Male,50.150.190.151
785,Dorthy,Arbon,darbonls@nsw.gov.au,Female,87.202.55.214
786,Had,Klampt,hklamptlt@reddit.com,Male,37.118.247.43
787,Quint,Fayter,qfayterlu@sohu.com,Male,13.41.65.45
788,Waldemar,O'Regan,woreganlv@youtu.be,Male,221.195.48.138
789,Webster,Martinovsky,wmartinovskylw@github.com,Male,19.144.19.126
790,Marina,Ricson,mricsonlx@telegraph.co.uk,Female,113.195.141.1
791,Tyrone,Crippin,tcrippinly@addtoany.com,Male,137.161.133.5
792,Fons,Matokhnin,fmatokhninlz@upenn.edu,Male,177.117.27.77
793,Wright,Wulfinger,wwulfingerm0@google.com.hk,Male,43.67.115.12
794,Gusta,Kenningham,gkenninghamm1@accuweather.com,Female,248.165.217.153
795,Helena,Richin,hrichinm2@gnu.org,Female,153.246.160.12
796,Booth,MacNess,bmacnessm3@furl.net,Male,224.26.208.19
797,Olwen,Hamlyn,ohamlynm4@scribd.com,Female,76.227.251.219
798,Freeman,Dumphrey,fdumphreym5@adobe.com,Male,209.16.120.53
799,Tome,Gartland,tgartlandm6@bloglovin.com,Male,226.67.83.140
800,Christie,Lindblom,clindblomm7@about.me,Female,21.234.188.50
801,Gretna,Copcott,gcopcottm8@themeforest.net,Female,98.94.136.175
802,Powell,Toxell,ptoxellm9@odnoklassniki.ru,Male,135.1.11.108
803,Pietrek,Pimer,ppimerma@netvibes.com,Genderqueer,10.32.249.56
804,Maurie,Stitwell,mstitwellmb@xing.com,Non-binary,101.83.162.46
805,Ronnie,Kristiansen,rkristiansenmc@theguardian.com,Male,189.45.36.32
806,Worth,Grebert,wgrebertmd@github.io,Male,128.127.245.230
807,Daloris,Alliberton,dallibertonme@washingtonpost.com,Female,167.191.181.2
808,Brannon,Shobrook,bshobrookmf@aboutads.info,Genderfluid,83.90.49.167
809,Alix,Munnis,amunnismg@multiply.com,Female,176.155.90.48
810,Roxanna,Tukely,rtukelymh@wikipedia.org,Non-binary,241.65.101.255
811,Judas,Scargle,jscarglemi@reuters.com,Male,84.149.46.224
812,Tiena,Gricks,tgricksmj@youtu.be,Female,243.97.5.40
813,Alida,Nockles,anocklesmk@ebay.co.uk,Female,168.202.213.160
814,Jarrad,Muzzi,jmuzziml@about.me,Male,98.45.111.66
815,Vassili,Tilberry,vtilberrymm@npr.org,Male,172.105.227.211
816,Berget,Nealon,bnealonmn@slate.com,Female,62.169.151.46
817,Fannie,Shorton,fshortonmo@timesonline.co.uk,Non-binary,250.10.7.168
818,Cris,Hulatt,chulattmp@disqus.com,Female,230.170.100.233
819,Alyse,Lideard,alideardmq@imgur.com,Female,218.162.128.227
820,Isabelle,Curnnok,icurnnokmr@pinterest.com,Bigender,133.161.72.114
821,Cyndie,Jorry,cjorryms@gizmodo.com,Female,215.58.83.78
822,Benji,McCall,bmccallmt@cbsnews.com,Male,226.224.23.150
823,Shirley,Furze,sfurzemu@dailymotion.com,Female,38.242.22.168
824,Oren,Tampen,otampenmv@acquirethisname.com,Male,131.248.26.89
825,Aline,Albasini,aalbasinimw@nps.gov,Female,135.43.69.39
826,Rubi,Aspinal,raspinalmx@dell.com,Female,129.153.77.107
827,Blaine,Goulthorp,bgoulthorpmy@unicef.org,Male,226.26.59.218
828,Archibaldo,Powton,apowtonmz@hp.com,Male,180.67.15.71
829,Meade,Rosling,mroslingn0@answers.com,Male,173.219.213.32
830,Cloris,Walthew,cwalthewn1@domainmarket.com,Female,120.68.46.197
831,Baryram,Pybus,bpybusn2@vk.com,Male,115.13.171.141
832,Nedi,Alphege,nalphegen3@fastcompany.com,Female,7.172.83.4
833,Vale,Grinley,vgrinleyn4@google.de,Bigender,232.218.5.165
834,Dana,Iacopo,diacopon5@slate.com,Female,140.86.5.143
835,Brittaney,Heaker,bheakern6@unesco.org,Female,235.34.27.159
836,Silvester,Murden,smurdenn7@google.com.au,Male,196.235.155.89
837,Anders,Ousby,aousbyn8@surveymonkey.com,Male,172.44.237.100
838,Pietra,Duckworth,pduckworthn9@businesswire.com,Female,239.166.84.163
839,Cally,Talmadge,ctalmadgena@g.co,Female,60.156.17.66
840,Samara,Boeck,sboecknb@answers.com,Female,95.117.116.68
841,Archibold,Flobert,aflobertnc@phpbb.com,Male,3.5.12.146
842,Darlene,Furmenger,dfurmengernd@npr.org,Female,142.41.119.126
843,Vachel,Shaughnessy,vshaughnessyne@google.ca,Male,211.52.68.253
844,Myrtie,Aubray,maubraynf@github.io,Female,205.143.156.224
845,Brit,Alman,balmanng@posterous.com,Female,108.179.172.93
846,Patrizia,Chapple,pchapplenh@goo.ne.jp,Non-binary,111.236.118.77
847,Julita,Waldrum,jwaldrumni@intel.com,Female,231.80.159.196
848,Annamarie,Marthen,amarthennj@vistaprint.com,Bigender,58.44.122.46
849,Joellen,Robe,jrobenk@flickr.com,Female,26.3.209.33
850,Janeva,Hasel,jhaselnl@usatoday.com,Female,194.98.109.14
851,Florette,McCutheon,fmccutheonnm@yellowpages.com,Female,249.51.21.183
852,Christyna,Gimblet,cgimbletnn@huffingtonpost.com,Genderfluid,172.211.144.40
853,Jourdan,Ox,joxno@php.net,Female,61.238.39.91
854,Randall,Kilty,rkiltynp@omniture.com,Male,219.237.100.29
855,Lief,Cavet,lcavetnq@is.gd,Male,13.36.91.13
856,Violante,Cozins,vcozinsnr@eventbrite.com,Female,69.246.41.241
857,Derry,Watkins,dwatkinsns@tiny.cc,Male,161.201.209.72
858,Hadlee,Lark,hlarknt@behance.net,Male,23.168.92.126
859,Paulita,Pearsey,ppearseynu@wikipedia.org,Female,247.224.170.89
860,Betteann,Slocom,bslocomnv@instagram.com,Female,192.233.74.79
861,Mayor,Pairpoint,mpairpointnw@webnode.com,Male,205.6.190.254
862,Manny,McKinie,mmckinienx@fda.gov,Polygender,188.162.252.19
863,Georgine,Streeten,gstreetenny@skyrock.com,Female,62.163.246.125
864,Irvin,Drever,idrevernz@chicagotribune.com,Male,243.88.16.36
865,Bobina,Fulcher,bfulchero0@apache.org,Female,77.111.236.23
866,Felice,Halm,fhalmo1@phpbb.com,Male,96.138.77.203
867,Staffard,Harroway,sharrowayo2@imgur.com,Male,209.86.119.42
868,Dmitri,Ewbanche,dewbancheo3@mysql.com,Male,110.107.68.13
869,Aubrey,Pendlington,apendlingtono4@about.me,Genderfluid,116.132.35.115
870,Gerhardine,Kincaid,gkincaido5@ucsd.edu,Female,58.14.128.7
871,Ophelie,Yerbury,oyerburyo6@sfgate.com,Female,160.163.46.194
872,Matilde,Lammin,mlammino7@aol.com,Female,41.169.83.216
873,Vladamir,Bucky,vbuckyo8@ameblo.jp,Male,133.187.18.91
874,Giacomo,Simonnin,gsimonnino9@sciencedaily.com,Male,149.246.84.153
875,Jacklin,Barkley,jbarkleyoa@last.fm,Genderqueer,226.42.95.98
876,Karlotta,Hoffmann,khoffmannob@geocities.jp,Female,188.215.206.130
877,Vite,Barrowclough,vbarrowcloughoc@unc.edu,Male,249.234.223.94
878,Theodora,Jarrel,tjarrelod@tripadvisor.com,Female,46.199.21.228
879,Neddy,Prando,nprandooe@spiegel.de,Male,87.235.158.19
880,Bil,Lightowlers,blightowlersof@hexun.com,Male,190.211.241.253
881,Templeton,Erdely,terdelyog@goo.gl,Male,217.124.50.102
882,Christoforo,Wennington,cwenningtonoh@mashable.com,Male,235.14.30.69
883,Kendell,Klimkiewich,kklimkiewichoi@jalbum.net,Male,22.225.58.199
884,Joellen,Andrelli,jandrellioj@reference.com,Female,156.55.163.91
885,Gabriellia,Peotz,gpeotzok@hatena.ne.jp,Female,204.104.1.66
886,Edwina,Sharvill,esharvillol@de.vu,Female,216.206.208.208
887,Lay,McWhin,lmcwhinom@exblog.jp,Polygender,162.143.13.224
888,Petunia,Tidcomb,ptidcombon@bloomberg.com,Female,130.218.134.35
889,Lucine,Druitt,ldruittoo@patch.com,Female,190.144.174.213
890,Cull,Yakobovitz,cyakobovitzop@mlb.com,Male,249.115.186.83
891,Nikki,Tearney,ntearneyoq@va.gov,Male,157.81.49.238
892,Quinlan,Caine,qcaineor@marriott.com,Male,140.58.75.8
893,Elia,Clother,eclotheros@cnet.com,Male,179.10.238.238
894,Teodoor,Mosedill,tmosedillot@google.cn,Male,229.154.174.75
895,Leonanie,Cassar,lcassarou@surveymonkey.com,Female,212.23.242.19
896,Wynny,Garfit,wgarfitov@4shared.com,Female,134.37.21.3
897,Darrell,Hasard,dhasardow@yahoo.com,Male,110.138.96.203
898,Rowland,Lidgley,rlidgleyox@parallels.com,Male,7.153.97.9
899,Farlee,Yearby,fyearbyoy@phoca.cz,Male,198.128.235.33
900,Seamus,Faveryear,sfaveryearoz@fastcompany.com,Male,107.32.127.232
901,Ringo,Hyndes,rhyndesp0@multiply.com,Male,212.168.103.175
902,Sonja,Steptowe,ssteptowep1@usda.gov,Female,108.99.214.109
903,Brian,Lingfoot,blingfootp2@github.io,Male,118.229.53.45
904,Vilhelmina,Meconi,vmeconip3@lycos.com,Female,165.253.84.193
905,Janelle,Attrill,jattrillp4@domainmarket.com,Female,210.164.159.242
906,Raymund,Daventry,rdaventryp5@globo.com,Male,39.99.71.223
907,Corrine,Pauling,cpaulingp6@ezinearticles.com,Female,187.56.164.189
908,Mitchel,Hubberstey,mhubbersteyp7@shareasale.com,Male,175.216.188.76
909,Amber,Ascrofte,aascroftep8@nyu.edu,Female,220.216.226.200
910,Rhett,Ungerecht,rungerechtp9@scientificamerican.com,Male,95.163.152.248
911,Maryl,Rodolphe,mrodolphepa@google.it,Female,171.119.109.165
912,Grissel,Tallboy,gtallboypb@barnesandnoble.com,Female,242.220.46.197
913,Sandra,Leake,sleakepc@shutterfly.com,Female,71.3.139.208
914,Scarface,Osgorby,sosgorbypd@chicagotribune.com,Male,77.99.23.229
915,Dunn,Rowlstone,drowlstonepe@indiatimes.com,Male,89.16.143.28
916,Rebecca,Dearman,rdearmanpf@nbcnews.com,Female,156.2.177.220
917,Dorolisa,Ludwig,dludwigpg@apache.org,Female,187.115.19.234
918,Calida,Siebart,csiebartph@blinklist.com,Female,236.87.242.109
919,Arleyne,Rylance,arylancepi@i2i.jp,Female,84.18.63.182
920,Ignace,Potkins,ipotkinspj@amazonaws.com,Male,186.54.25.202
921,Dennis,Fulks,dfulkspk@uol.com.br,Male,198.53.171.147
922,Roberto,Celler,rcellerpl@state.tx.us,Male,109.186.23.185
923,Siward,Issac,sissacpm@yelp.com,Male,2.189.165.216
924,Vivian,Malitrott,vmalitrottpn@vimeo.com,Female,194.99.37.167
925,Zeke,Hellyar,zhellyarpo@exblog.jp,Male,233.53.234.29
926,Gerek,Fawson,gfawsonpp@etsy.com,Male,220.105.202.77
927,Garrot,Glowinski,gglowinskipq@istockphoto.com,Male,10.208.182.70
928,Trueman,Melloi,tmelloipr@tinyurl.com,Male,35.132.1.203
929,Koenraad,Prichard,kprichardps@bloomberg.com,Male,253.182.66.22
930,Isabelle,Klaff,iklaffpt@slideshare.net,Polygender,101.216.211.222
931,Debi,Dearlove,ddearlovepu@fda.gov,Female,151.211.58.139
932,Pammy,Mossom,pmossompv@instagram.com,Female,55.157.197.162
933,Dolorita,Anthes,danthespw@ustream.tv,Female,118.121.47.124
934,Ellissa,Badsey,ebadseypx@cam.ac.uk,Female,41.216.23.73
935,Farand,Zohrer,fzohrerpy@cbc.ca,Female,190.76.209.244
936,Morgan,De Cristoforo,mdecristoforopz@dot.gov,Polygender,148.217.28.52
937,Marjie,Olin,molinq0@salon.com,Female,61.84.157.99
938,Melisande,Bentjens,mbentjensq1@unc.edu,Female,24.146.26.138
939,Cad,Kubicka,ckubickaq2@dailymail.co.uk,Male,57.141.93.215
940,Gearard,Cockrill,gcockrillq3@cafepress.com,Male,59.144.153.142
941,Austen,Blaske,ablaskeq4@360.cn,Male,119.43.107.177
942,Hadleigh,Callis,hcallisq5@hud.gov,Male,147.150.154.1
943,Rogerio,Fandrey,rfandreyq6@bbb.org,Male,86.204.143.230
944,Morton,Franses,mfransesq7@redcross.org,Male,181.73.183.120
945,Dorolice,Beinisch,dbeinischq8@washington.edu,Female,188.67.218.82
946,Lars,Blenkiron,lblenkironq9@godaddy.com,Male,160.216.21.176
947,Hinda,Barlee,hbarleeqa@patch.com,Female,165.195.32.177
948,Marcelline,Ellse,mellseqb@bing.com,Female,171.76.189.54
949,Irvine,Dalziel,idalzielqc@nymag.com,Male,18.125.199.219
950,Priscella,Tukesby,ptukesbyqd@github.io,Female,82.193.164.155
951,Wheeler,Mathouse,wmathouseqe@army.mil,Male,230.48.132.28
952,Sebastien,Spenceley,sspenceleyqf@facebook.com,Male,239.175.66.93
953,Kathie,Dalley,kdalleyqg@icq.com,Female,128.139.48.117
954,Denny,Guenther,dguentherqh@imdb.com,Female,130.58.136.226
955,Molli,Maxted,mmaxtedqi@sfgate.com,Female,30.253.232.11
956,Cherida,Cattlemull,ccattlemullqj@ebay.co.uk,Female,226.218.155.218
957,Shawn,Ballintyne,sballintyneqk@wikia.com,Female,63.87.56.100
958,Ania,MacGahey,amacgaheyql@seattletimes.com,Female,23.22.213.204
959,Valida,Whitrod,vwhitrodqm@fda.gov,Female,78.129.132.88
960,Lyndsey,Napoleon,lnapoleonqn@paypal.com,Female,52.144.168.222
961,Arlene,Emery,aemeryqo@vinaora.com,Female,189.21.160.169
962,Raymund,Richmond,rrichmondqp@mapquest.com,Male,124.139.214.3
963,Laverne,Bidewell,lbidewellqq@npr.org,Female,83.231.217.150
964,Hamilton,Choffin,hchoffinqr@deliciousdays.com,Male,39.35.5.230
965,Bessy,Teresse,bteresseqs@naver.com,Female,221.40.221.137
966,Nelie,Oglesbee,noglesbeeqt@statcounter.com,Genderfluid,161.163.45.29
967,Mireille,Gianettini,mgianettiniqu@ibm.com,Female,72.141.0.192
968,Sibby,Hardinge,shardingeqv@macromedia.com,Female,188.35.180.96
969,Maximilien,Kendle,mkendleqw@networkadvertising.org,Male,124.12.102.75
970,Harold,Edwin,hedwinqx@huffingtonpost.com,Male,240.121.146.10
971,Linea,Wicher,lwicherqy@people.com.cn,Female,40.122.1.83
972,Celinda,MacLaverty,cmaclavertyqz@jiathis.com,Female,8.6.235.200
973,Vonni,Tailby,vtailbyr0@netlog.com,Female,190.130.173.113
974,Hannie,Blezard,hblezardr1@ted.com,Female,157.66.158.18
975,Mortie,Tatersale,mtatersaler2@printfriendly.com,Male,180.149.87.86
976,Ivie,Snodden,isnoddenr3@hhs.gov,Female,255.6.247.169
977,Emmalynn,Sapsford,esapsfordr4@list-manage.com,Female,85.157.34.169
978,Alice,Pocknoll,apocknollr5@constantcontact.com,Female,104.49.200.2
979,Marinna,Winsor,mwinsorr6@salon.com,Female,180.217.113.92
980,Jayme,Gary,jgaryr7@state.tx.us,Female,87.38.81.116
981,Magdalen,Andersson,manderssonr8@ca.gov,Female,186.195.49.96
982,Christalle,Moyce,cmoycer9@google.cn,Female,108.120.54.13
983,Ingrid,Earwicker,iearwickerra@columbia.edu,Female,209.83.168.43
984,Bryn,Pycock,bpycockrb@europa.eu,Female,21.38.175.153
985,Neysa,Grahamslaw,ngrahamslawrc@google.pl,Female,243.6.146.201
986,Ingrim,Straw,istrawrd@marriott.com,Male,220.58.242.125
987,Darelle,Olfert,dolfertre@foxnews.com,Female,221.213.121.195
988,Darius,Powner,dpownerrf@nifty.com,Male,65.129.243.123
989,Abigael,Clemot,aclemotrg@ehow.com,Female,223.238.31.228
990,Mel,Mafham,mmafhamrh@t-online.de,Male,219.115.238.96
991,Esme,Abramovicz,eabramoviczri@springer.com,Male,115.49.178.77
992,Astra,Yann,ayannrj@goodreads.com,Female,29.75.139.57
993,Georas,Ridd,griddrk@hexun.com,Male,77.183.150.78
994,Lari,Bolstridge,lbolstridgerl@tripadvisor.com,Agender,220.198.57.122
995,Izabel,Pichan,ipichanrm@stumbleupon.com,Female,74.255.74.247
996,Olivie,Toffalo,otoffalorn@google.ca,Female,230.152.115.43
997,Tawnya,Poulsom,tpoulsomro@cnet.com,Female,63.74.89.157
998,Jaclyn,Sahlstrom,jsahlstromrp@goo.gl,Female,178.142.10.81
999,Reena,Bilborough,rbilboroughrq@wikispaces.com,Female,126.52.153.64
1000,Arman,Flea,aflearr@bravesites.com,Polygender,48.196.129.136
